Genere,Imdb_rating,User_rating,Directed by,Produced by,Written by,Hero,Heroine,Music by,Cinematography,Edited by,company,Release date,Language,num_nulls
Action,6.7,85.0,Others,Others,Satyanand,Chiranjeevi,Soundarya,Mani Sharma,Chota K. Naidu,A. Sreekar Prasad,Others,January,Telugu,1
Romance,7.1,86.0,Puri Jagannadh,Others,Puri Jagannadh,Pawan Kalyan,Others,Ramana Gogula,Others,Marthand K. Venkatesh,Others,April,Telugu,1
Romance,7.4,83.0,K. Vijaya Bhaskar,Ramoji Rao,Others,Others,Others,Others,Hari Anumolu,A. Sreekar Prasad,Ushakiran Movies,October,Telugu,1
Action,5.1,82.0,B. Gopal,Others,Satyanand,Mahesh Babu,Others,Mani Sharma,Others,Kotagiri Venkateswara Rao,Others,October,Telugu,1
Others,7.1,88.0,Others,Mohan Babu,Others,Others,Others,Mani Sharma,Others,Others,Others,September,Telugu,5
Romance,5.9,88.0,Others,Others,Others,Mahesh Babu,Simran,Ramana Gogula,Others,Others,Others,April,Telugu,2
Tollywood,6.0,83.0,B. Gopal,Others,Posani Krishna Murali,Others,Soundarya,S. A. Rajkumar,Others,Others,Others,March,Telugu,7
Comedy,6.5,83.0,E. V. V. Satyanarayana,E. V. V. Satyanarayana,Others,Srikanth,Others,Koti,Others,Others,E. V .V. Cinema,February,Telugu,4
Romance,7.1,83.0,A. Karunakaran,Akkineni Nagarjuna,Others,Sumanth,Others,Mani Sharma,Others,Marthand K. Venkatesh,Others,May,Telugu,3
Drama,6.2,84.0,Others,D.Suresh Babu,Paruchuri Brothers,Venkatesh,Soundarya,Vandemataram Srinivas,Others,Marthand K. Venkatesh,Suresh Productions,October,Telugu,1
Tollywood,5.1,83.0,Others,Others,Others,Others,Others,Others,Others,Others,Others,February,Telugu,7
Romance,7.2,95.0,Others,Others,Trivikram Srinivas,Others,Others,Mani Sharma,Others,Others,Others,November,Telugu,3
Others,7.2,83.0,E. V. V. Satyanarayana,Others,Others,Srikanth,Others,Vandemataram Srinivas,Others,Others,Others,October,Telugu,7
Romance,7.2,76.0,Teja,Ramoji Rao,Teja,Uday Kiran,Others,R. P. Patnaik,Others,Shankar,Ushakiran Movies,May,Telugu,2
Drama,5.9,83.0,Others,Others,Janardhan Maharshi (dialogues),Nandamuri Balakrishna,Simran,Koti,Others,Kotagiri Venkateswara Rao,Others,July,Telugu,1
Action,4.7,83.0,Puri Jagannadh,Chanti Addala,Chintapalli Ramana,Jagapathi Babu,Others,Chakri,Others,Others,Others,November,Telugu,2
Action,7.1,83.0,Gunasekhar,Others,Others,Jagapati Babu,Others,Mani Sharma,Sekhar V. Joseph,A. Sreekar Prasad,Others,January,Telugu,1
Comedy,4.3,83.0,K. Raghavendra Rao,Ramoji Rao,Others,Jagapati Babu,Soundarya,M. M. Srilekha,Others,Gautham Raju,Ushakiran Movies,September,Telugu,1
Comedy,5.5,83.0,S. V. Krishna Reddy,Others,Diwakar Babu (dialogues),Jagapati Babu,Soundarya,S. V. Krishna Reddy,Sarath,Nandamuri Hari,Others,April,Telugu,1
Drama,6.5,83.0,Others,Others,Paruchuri Brothers,Nandamuri Balakrishna,Others,Koti,V. S. R. Swamy,K. V. Krishna Reddy,Others,January,Telugu,1
Others,6.0,83.0,Others,Others,Marudhuri Raja (dialogues),Rajendra Prasad,Others,Others,Others,Others,Others,July,Telugu,3
Family,7.2,83.0,Others,D. Suresh Babu,Others,Venkatesh,Simran,S. A. Rajkumar,Others,Marthand K. Venkatesh,Suresh Productions,January,Telugu,1
Romance,4.8,83.0,K. Raghavendra Rao,Others,Others,Others,Others,S. A. Rajkumar,Others,Kotagiri Venkateswara Rao,Others,July,Telugu,4
Comedy,6.0,83.0,Others,Others,Others,Jagapati Babu,Srikanth,M. M. Keeravani,Others,A. Sreekar Prasad,Others,August,Telugu,2
Drama,5.7,87.0,Others,M.S. Raju,Others,Venkatesh,Soundarya,Mani Sharma,S. Gopal Reddy,Others,Sumanth Art Productions,January,Telugu,0
Action,6.9,81.0,S.S. Rajamouli,Others,Others,Others,Others,M. M. Keeravani,Hari Anumolu,Kotagiri Venkateswara Rao,Others,September,Telugu,1
Action,7.9,88.0,Others,A.M. Ratnam,Others,Pawan Kalyan,Bhoomika Chawla,Mani Sharma,Others,Others,Others,April,Telugu,3
Action,4.4,77.0,Gunasekhar,Others,Others,Chiranjeevi,Simran,Mani Sharma,Sekhar V. Joseph,Others,Others,January,Telugu,2
Comedy,8.7,84.0,K. Vijaya Bhaskar,Others,Trivikram Srinivas,Venkatesh,Arti Agarwal,Koti,K. Ravindra Babu,A. Sreekar Prasad,Sri Sravanthi Movies,September,Telugu,0
Comedy,7.9,86.0,Krishna Vamsi,Others,Others,Mahesh Babu,Others,Mani Sharma,Ram Prasad,Others,Others,February,Telugu,2
Romance,7.1,86.0,V. N. Aditya,M. S. Raju,Others,Uday Kiran,Others,R. P. Patnaik,S. Gopal Reddy,Others,Sumanth Art Productions,October,Telugu,2
Romance,6.7,83.0,Teja,Others,Teja,Uday Kiran,Others,R. P. Patnaik,Others,Others,Anandi Art Creations,August,Telugu,3
Drama,4.8,69.0,Others,Others,Others,Others,Others,Mani Sharma,Others,Others,Others,December,Telugu,3
Romance,7.1,94.0,Srinu Vaitla,Ramoji Rao,Srinu Vaitla,Others,Others,Devi Sri Prasad,Sameer Reddy,Others,Ushakiran Movies,September,Telugu,3
Romance,5.8,82.0,Others,Others,Others,Venkatesh,Simran,Mani Sharma,S. Gopal Reddy,Marthand K. Venkatesh,Others,May,Telugu,0
Action,7.2,74.0,B. Gopal,Others,Paruchuri Brothers (dialogues),Nandamuri Balakrishna,Simran,Others,V. S. R. Swamy,Kotagiri Venkateswara Rao,Others,January,Telugu,0
Romance,6.6,84.0,Others,R. B. Choudary,Others,Tarun,Sneha,Others,Shyam K Naidu,Others,Others,February,Telugu,2
Others,6.6,82.0,Puri Jagannadh,Others,Puri Jagannadh,Ravi Teja,Others,Chakri,Others,Others,Others,September,Telugu,3
Drama,6.8,80.0,K. Raghavendra Rao,Others,Others,Chiranjeevi,Others,Others,Others,Others,Others,June,Kannada,1
Action,7.1,83.0,Others,Mohan Babu,Paruchuri Brothers (dialogues),Others,Others,Koti,Others,Gautham Raju,Others,September,Telugu,1
Drama,4.5,83.0,Others,R. B. Choudary,Chintapalli Ramana (dialogues),Nagarjuna Akkineni,Others,Others,Shyam K. Naidu,Nandamuri Hari,Others,October,Telugu,1
Comedy,6.9,79.0,Others,Others,Others,Others,Others,Others,Ram Prasad,Others,Others,December,Telugu,0
Drama,6.2,83.0,Others,Others,Others,Gopichand,Sneha,Vandemataram Srinivas,Others,Kola Bhaskar,Others,August,Telugu,1
Romance,4.8,85.0,Others,Ramoji Rao,Others,Jr. NTR,Others,S. A. Rajkumar,S. Gopal Reddy,Others,Ushakiran Movies,May,Telugu,2
Comedy,5.6,83.0,Others,Others,Others,Others,Simran,A. R. Rahman,Others,Suresh Urs,Others,November,Tamil,3
Comedy,3.9,83.0,Others,Sivalenka Krishna Prasad,Ramesh-Gopi (dialogues),Nandamuri Balakrishna,Others,Mani Sharma,Jayanan Vincent,Nandamuri Hari,Others,June,Telugu,1
Others,5.6,83.0,Others,Others,Others,Ravi Teja,Others,Others,Others,Others,Others,September,Telugu,6
Bollywood,4.4,78.0,Others,Others,Marudhuri Raja (dialogues),Nagarjuna Akkineni,Soundarya,S. A. Rajkumar,Chota K. Naidu,Others,Others,March,Telugu,0
Comedy,3.8,83.0,Others,Others,Janardhan Maharshi,Nagarjuna Akkineni,Simran,M. M. Keeravani,Shyam K. Naidu,Others,Others,June,Telugu,1
Tollywood,5.7,80.0,Others,Ramoji Rao,Others,Others,Others,Others,Others,Nandamuri Hari,Ushakiran Movies,December,Telugu,3
Drama,7.1,83.0,Others,Others,Others,Others,Others,M. M. Srilekha,Hari Anumolu,Others,Suresh Productions,April,Telugu,4
Drama,5.7,75.0,Others,Ramoji Rao,Others,Srikanth,Others,S. A. Rajkumar,Others,Others,Ushakiran Movies,March,Telugu,4
Comedy,5.5,83.0,S. V. Krishna Reddy,Others,Others,Others,Others,S. V. Krishna Reddy,Sarath,Nandamuri Hari,Others,March,Telugu,1
Others,6.0,83.0,Others,Others,Marudhuri Raja (dialogues),Others,Others,Others,Others,Gowtham Raju,Others,May,Telugu,3
Romance,6.0,83.0,Others,Others,Diwakar Babu (dialogues),Jagapati Babu,Others,Koti,Others,Nandamuri Hari,Others,September,Telugu,2
Comedy,6.7,83.0,Teja,Others,Teja,Jagapati Babu,Others,R. P. Patnaik,Others,Shankar,Others,June,Telugu,2
Others,5.4,85.0,Others,Others,Ramesh-Gopi (dialogues),Rajendra Prasad,Others,Others,Others,Others,Others,February,Telugu,1
Drama,4.7,83.0,Others,Ramoji Rao,Paruchuri Brothers,Others,Others,Others,S. Gopal Reddy,A. Sreekar Prasad,Ushakiran Movies,August,Telugu,2
Others,6.0,77.0,Others,Others,Others,Others,Others,Others,Others,Others,Others,December,Telugu,3
Comedy,7.2,71.0,Others,Others,Others,Others,Others,Others,Others,Sreekar Prasad,Others,April,Tamil,1
Others,5.5,83.0,Others,Others,Others,Rajendra Prasad,Others,M. M. Srilekha,Others,Others,Others,November,Telugu,3
Others,7.2,90.0,Others,Others,Others,Others,Others,Songs:,Others,Others,Others,November,Tamil,1
Comedy,7.7,91.0,Others,Others,Others,Others,Others,Harris Jayaraj,Others,Suresh Urs,Others,February,Tamil,1
Drama,7.6,83.0,Others,Others,Others,Vikram,Soundarya,Others,Ram Prasad,Others,Others,January,Telugu,6
Romance,6.0,83.0,Others,Others,Others,Vikram,Others,Others,Others,Others,Others,March,Telugu,6
Action,7.3,81.0,B. Gopal,C. Ashwini Dutt,Others,Chiranjeevi,Arti Agarwal,Mani Sharma,V. S. R. Swamy,Others,Others,July,Telugu,2
Romance,7.3,87.0,Trivikram Srinivas,Sravanthi Ravi Kishore,Trivikram Srinivas,Tarun,Shriya Saran,Koti,Others,Sreekar Prasad,Sri Sravanthi Movies,October,Telugu,2
Action,6.9,90.0,Jayanth C. Paranjee,Others,Satyanand,Mahesh Babu,Others,Mani Sharma,Jayanan Vincent,Marthand K Venkatesh,Others,January,Telugu,1
Comedy,7.2,83.0,Others,Others,Others,Nagarjuna Akkineni,Others,R. P. Patnaik,S. Gopal Reddy,K. V. Krishna Reddy,Others,May,Telugu,0
Drama,7.1,81.0,Puri Jagannadh,Puri Jagannadh,Puri Jagannadh,Ravi Teja,Others,Chakri,Shyam K. Naidu,Others,Others,August,Telugu,4
Romance,6.9,83.0,Ravi Babu,Ravi Babu,Others,Allari Naresh,Others,Others,Others,Marthand K. Venkatesh,Others,May,Telugu,2
Comedy,8.3,85.0,K. Vijaya Bhaskar,Nagarjuna Akkineni,Trivikram Srinivas,Nagarjuna Akkineni,Others,Devi Sri Prasad,Sameer Reddy,A. Sreekar Prasad,Annapurna Studios,December,Telugu,0
Action,5.1,83.0,Others,DVV Danayya,Paruchuri Brothers (dialogues),Nandamuri Balakrishna,Simran,Mani Sharma,V. S. R. Swamy,Kotagiri Venkateswara Rao,Others,January,Telugu,1
Drama,6.2,78.0,Teja,Teja,Teja,Others,Sadha,R. P. Patnaik,Sameer Reddy,Shankar,Others,June,Telugu,1
Drama,4.5,83.0,B. Gopal,Chanti Addala,Paruchuri Brothers,Others,Others,R. P. Patnaik,Others,Others,Others,July,Telugu,4
Romance,6.3,85.0,Others,Daggubati Suresh Babu,Others,Tarun,Others,R. P. Patnaik,Sekhar V. Joseph,Marthand K. Venkatesh,Suresh Productions,January,Telugu,1
Action,5.3,86.0,Jayanth C. Paranjee,Others,Others,Prabhas,Others,R. P. Patnaik,Others,Marthand K. Venkatesh,Others,November,Telugu,4
Action,6.2,83.0,V. N. Aditya,Others,Others,Uday Kiran,Others,R. P. Patnaik,Others,Marthand K. Venkatesh,Others,June,Telugu,4
Romance,6.9,91.0,A. Karunakaran,Others,Others,Venkatesh,Bhoomika Chawla,Harris Jayaraj,Others,Marthand K Venkatesh,Others,April,Telugu,0
Comedy,6.7,83.0,E. V. V. Satyanarayana,E. V. V. Satyanarayana,Others,Others,Others,Devi Sri Prasad,Others,Marthand K. Venkatesh,E. V .V. Cinema,December,Telugu,3
Others,5.6,83.0,Others,YVS Chowdary,Others,Others,Others,M. M. Keeravani,Others,Kotagiri Venkateswara Rao,Others,May,Telugu,1
Comedy,6.1,83.0,Others,Adityaram,Others,Jagapathi Babu,Others,Koti,Others,Others,Others,December,Telugu,1
Others,4.2,83.0,Others,Others,Others,Tarun,Others,Others,Shyam K Naidu,Others,Others,June,Telugu,5
Action,6.1,75.0,V. V. Vinayak,Bellamkonda Suresh,Paruchuri Brothers (dialogues),Nandamuri Balakrishna,Shriya Saran,Mani Sharma,Others,Gautham Raju,Sri Sai Ganesh Productions,September,Telugu,0
Action,5.6,68.0,Others,R. B. Choudary,Paruchuri Brothers (dialogues),Jagapathi Babu,Others,S. A. Rajkumar,Shyam K. Naidu,Nandamuri Hari,Others,November,Telugu,0
Others,7.2,93.0,Srinu Vaitla,Others,Chintapalli Ramana,Others,Others,Devi Sri Prasad,Others,Others,Others,August,Telugu,4
Drama,5.8,83.0,Others,Others,Others,Others,Others,Yuvan Shankar Raja,Hari Anumolu,Gowtam Raju,Others,February,Telugu,3
Romance,6.0,83.0,Others,Others,Others,Others,Others,S. A. Rajkumar,Others,Others,Suresh Productions,March,Telugu,4
Romance,6.1,83.0,Others,Ramoji Rao,Others,Others,Others,Vidyasagar,Chota K. Naidu,Others,Ushakiran Movies,June,Telugu,4
Romance,4.1,74.0,Others,Others,Others,Mahesh Babu,Others,Mani Sharma,Others,Others,Others,November,Telugu,3
Romance,5.8,83.0,Bhimaneni Srinivasa Rao,Others,Others,Others,Others,Others,Others,Others,Others,March,Telugu,5
Tollywood,6.0,83.0,Others,Others,Others,Others,Others,Yuvan Shankar Raja,Others,Nandamuri Hari,Others,March,Telugu,4
Comedy,5.9,71.0,Others,Others,Others,Others,Others,Others,Others,Others,Others,June,Others,3
Comedy,6.0,83.0,Others,Others,Others,Others,Others,Others,Others,Others,Others,January,Kannada,3
Drama,4.7,80.0,Others,Others,Others,Others,Others,A. R. Rahman,Chota K. Naidu,V. T. Vijayan,Others,August,Tamil,0
Action,8.1,89.0,Gunasekhar,M. S. Raju,Gunasekhar,Mahesh Babu,Others,Mani Sharma,Sekhar V. Joseph,A. Sreekar Prasad,Sumanth Art Productions,January,Telugu,2
Action,7.8,79.0,V. V. Vinayak,Others,A. R. Murugadoss,Chiranjeevi,Others,Mani Sharma,Chota K. Naidu,Gowtham Raju,Others,September,Telugu,2
Romance,4.7,81.0,K. Raghavendra Rao,Allu Aravind,Others,Allu Arjun,Others,Others,Chota K. Naidu,Kotagiri Venkateswara Rao,Others,March,Telugu,3
Action,7.5,82.0,S.S. Rajamouli,Others,Others,Jr. NTR,Bhoomika Chawla,M. M. Keeravani,K. Ravindra Babu,Kotagiri Venkateswara Rao,Others,July,Telugu,0
Tollywood,6.8,87.0,Others,Akkineni Nagarjuna,Others,Sumanth,Genelia D'Souza,Chakri,Sameer Reddy,Nandamuri Hari,Others,December,Telugu,2
Bollywood,7.1,90.0,V.V. Vinayak,Dil Raju,Others,Nitin,Others,R. P. Patnaik,Others,Others,Sri Venkateswara Creations,April,Telugu,4
Action,4.4,83.0,Others,A.M. Ratnam,Paruchuri Brothers,Jr. NTR,Others,Vidyasagar,K. Ravindra Babu,Kola Bhaskar,Others,January,Telugu,2
Action,5.1,86.0,Others,Others,Posani Krishna Murali,Others,Others,Mani Sharma,Others,Others,Others,March,Telugu,4
Tollywood,7.1,83.0,Others,Others,G. Neelakanta Reddy,Others,Bhoomika Chawla,Vandemataram Srinivas,Others,Others,Others,November,Telugu,5
Romance,6.2,91.0,Others,Sravanthi Ravi Kishore,Others,Tarun,Others,Koti,Others,Others,Sri Sravanthi Movies,October,Telugu,4
Drama,8.2,83.0,Chandra Sekhar Yeleti,Others,Others,Others,Others,Kalyani Malik,K. K. Senthil Kumar,Others,Others,April,Telugu,4
Drama,7.3,82.0,Puri Jagannadh,Puri Jagannadh,Puri Jagannadh,Ravi Teja,Others,Chakri,Shyam K Naidu,Others,Others,April,Telugu,3
Family,7.1,83.0,Others,Others,Others,Others,Others,Mani Sharma,Others,Gowtam Raju,Others,July,Telugu,4
Romance,5.8,88.0,Others,Others,Others,Tarun,Others,R. P. Patnaik,S. Gopal Reddy,Others,Others,June,Telugu,2
Romance,6.3,84.0,Puri Jagannadh,Puri Jagannadh,Others,Nagarjuna Akkineni,Others,Chakri,Shyam K. Naidu,Marthand K. Venkatesh,Others,October,Telugu,0
Romance,7.6,89.0,Others,Others,Others,Others,Others,M. M. Keeravani,Others,Others,Anandi Art Creations,October,Telugu,6
Romance,5.6,87.0,Others,Others,Others,Tarun,Shriya Saran,A. R. Rahman,Others,Others,Others,December,Telugu,4
Drama,5.3,83.0,Others,Others,Others,Ravi Teja,Arti Agarwal,Chakri,Others,Others,Others,October,Telugu,2
Romance,5.6,83.0,Others,Teja,Teja,Nitin,Others,R. P. Patnaik,Others,Others,Others,July,Telugu,3
Comedy,5.1,83.0,Bhimaneni Srinivasa Rao,Others,Others,Ravi Teja,Kalyani,Vidyasagar,Others,Gowtam Raju,Others,August,Telugu,3
Action,6.7,88.0,Teja,Teja,Teja,Mahesh Babu,Others,R. P. Patnaik,Sameer Reddy,Shankar,Others,May,Telugu,1
Action,2.9,83.0,B. Gopal,Others,Paruchuri Brothers (dialogues),Nandamuri Balakrishna,Arti Agarwal,Mani Sharma,V. S. R. Swamy,Kotagiri Venkateswara Rao,Others,June,Telugu,1
Action,5.4,84.0,Others,Allu Aravind,Others,Pawan Kalyan,Others,Ramana Gogula,Chota K. Naidu,Others,Geetha Arts,April,Telugu,0
Comedy,4.7,83.0,Others,B. V. S. N. Prasad,Others,Ravi Teja,Others,M. M. Keeravani,Others,Others,Sri Venkateswara Cine Chitra,January,Telugu,3
Others,5.8,83.0,E. V. V. Satyanarayana,Others,Janardhan Maharshi (dialogues),Rajendra Prasad,Others,M. M. Keeravani,Others,Gowtham Raju,Others,December,Telugu,2
Comedy,6.9,83.0,S. V. Krishna Reddy,Allu Aravind,Chintapalli Ramana (dialogues),Srikanth,Others,Mani Sharma,Others,Others,Others,January,Telugu,5
Others,5.7,83.0,Ravi Babu,Others,Others,Others,Others,Chakri,Others,Marthand K Venkatesh,Anandi Art Creations,January,Telugu,4
Comedy,6.6,83.0,Others,Others,Others,Jagapati Babu,Kalyani,Chakri,Others,Others,Others,February,Telugu,1
Romance,5.3,83.0,Others,Others,Others,Others,Others,Yuvan Shankar Raja,Others,Others,Others,August,Telugu,3
Romance,5.3,83.0,Others,Others,Janardhan Maharshi,Rajendra Prasad,Others,Others,Others,Others,Others,November,Telugu,1
Drama,4.6,75.0,Others,D. Suresh Babu,Paruchuri Brothers,Uday Kiran,Shriya Saran,R. P. Patnaik,Others,Marthand K. Venkatesh,Suresh Productions,August,Telugu,2
Others,6.0,83.0,S. V. Krishna Reddy,Others,Others,Others,Others,S. V. Krishna Reddy,Others,Others,Others,September,Telugu,4
Drama,7.9,79.0,Others,Others,Others,Others,Others,Others,Others,Others,Others,April,Kannada,1
Romance,5.7,83.0,Others,Others,Others,Others,Others,Mani Sharma,Others,Marthand K Venkatesh,Others,November,Telugu,3
Romance,7.2,86.0,Others,M.S. Raju,Paruchuri Brothers (dialogues),Prabhas,Trisha,Devi Sri Prasad,S. Gopal Reddy,K. V. Krishna Reddy,Sumanth Art Productions,January,Telugu,0
Comedy,7.9,85.0,Sukumar,Dil Raju,Sukumar,Allu Arjun,Others,Devi Sri Prasad,R. Rathnavelu,Marthand K. Venkatesh,Sri Venkateswara Creations,May,Telugu,1
Comedy,7.8,93.0,Sekhar Kammula,Others,Sekhar Kammula,Others,Others,Others,Others,Marthand K. Venkatesh,Others,October,Telugu,2
Comedy,7.8,89.0,K. Vijaya Bhaskar,D.Suresh Babu,Trivikram Srinivas,Venkatesh,Others,Koti,Sameer Reddy,Sreekar Prasad,Suresh Productions,February,Telugu,0
Action,5.7,76.0,Others,Others,Satyanand,Chiranjeevi,Others,Mani Sharma,Chota K. Naidu,Others,Others,January,Telugu,3
Drama,8.5,90.0,Others,Others,Others,Rajendra Prasad,Others,R. P. Patnaik,Others,Others,Others,December,Telugu,0
Action,6.6,88.0,Gunasekhar,Others,Gunasekhar,Mahesh Babu,Shriya Saran,Mani Sharma,Sekhar V. Joseph,A. Sreekar Prasad,Others,August,Telugu,2
Action,6.3,83.0,Others,Others,Marudhuri Raja (dialogues),Gopichand,Others,Mani Sharma,Others,Gautham Raju,Others,July,Telugu,1
Action,3.7,67.0,Puri Jagannadh,Others,Kona Venkat,Jr. NTR,Others,Chakri,Shyam K. Naidu,Marthand K. Venkatesh,Others,January,Telugu,2
Romance,7.2,84.0,Srinu Vaitla,Others,Kona Venkat,Ravi Teja,Sneha,Devi Sri Prasad,Prasad Murella,Others,Others,March,Telugu,4
Action,7.2,83.0,S. V. Krishna Reddy,Others,Diwakar Babu (dialogues),Jagapati Babu,Others,Others,K. Ravindra Babu,Marthand K. Venkatesh,Others,January,Telugu,1
Action,6.6,73.0,Jayanth C. Paranjee,Bellamkonda Suresh,Paruchuri Brothers (dialogues),Nandamuri Balakrishna,Others,Mani Sharma,Others,Marthand K. Venkatesh,Sri Sai Ganesh Productions,January,Telugu,0
Comedy,5.1,83.0,Others,Others,Others,Rajendra Prasad,Others,Chakri,Sarath,Shankar,Others,June,Telugu,1
Comedy,7.4,88.0,Jayanth C. Paranjee,Others,Others,Chiranjeevi,Others,Devi Sri Prasad,Others,Marthand K. Venkatesh,Others,October,Telugu,2
Bollywood,5.3,85.0,V. N. Aditya,Others,Paruchuri Brothers (dialogues),Nagarjuna Akkineni,Arti Agarwal,M. M. Keeravani,Others,Marthand K. Venkatesh,Others,April,Telugu,0
Romance,7.4,85.0,S.S. Rajamouli,Others,M. Ratnam (Dialogue),Others,Genelia D'Souza,M. M. Keeravani,Others,Kotagiri Venkateswara Rao,Others,September,Telugu,1
Romance,5.1,81.0,V.V. Vinayak,Others,Kona Venkat,Jr. NTR,Bhoomika Chawla,Mani Sharma,K. Ravindra Babu,Gautham Raju,Others,June,Telugu,2
Romance,5.6,83.0,Others,Others,Others,Others,Others,Others,Others,Gowtham Raju,Others,October,Telugu,4
Romance,6.1,83.0,Others,Adityaram,Others,Jagapati Babu,Others,S. A. Rajkumar,Others,Others,Others,April,Telugu,2
Family,1.9,83.0,Others,Others,Others,Ravi Teja,Others,Others,Prasad Murella,Kotagiri Venkateswara Rao,Others,November,Telugu,2
Action,5.8,84.0,Others,Others,Others,Pawan Kalyan,Others,Mani Sharma,Chota K. Naidu,Others,Others,September,Telugu,2
Action,7.4,88.0,Others,Others,Others,Venkatesh,Others,Harris Jayaraj,Others,Anthony,Others,July,Telugu,0
Drama,7.8,85.0,Others,Others,Others,Others,Others,Yuvan Shankar Raja,Others,Kola Bhaskar,Others,October,Tamil,1
Others,7.4,81.0,Others,Others,Others,Others,Others,A. R. Rahman,Others,A. Sreekar Prasad,Others,May,Hindi,1
Romance,7.2,89.0,Others,Bellamkonda Suresh,Others,Ravi Teja,Bhoomika Chawla,M. M. Keeravani,Others,Others,Others,August,Telugu,5
Romance,5.3,87.0,Others,Manjula Ghattamaneni,Others,Mahesh Babu,Others,A. R. Rahman,Others,Others,Others,May,Telugu,3
Action,5.4,83.0,Others,Sravanthi Ravi Kishore,Others,Sumanth,Others,Koti,Others,A. Sreekar Prasad,Sri Sravanthi Movies,September,Telugu,4
Others,2.6,83.0,Jayanth C. Paranjee,Others,Others,Others,Others,Mani Sharma,Others,Marthand K. Venkatesh,Others,December,Telugu,4
Romance,4.2,83.0,Others,Others,Others,Others,Others,Others,Others,Others,Others,July,Telugu,6
Action,5.7,93.0,Teja,Others,Others,Navdeep,Others,Others,Others,Shankar,Others,March,Tamil,4
Others,6.3,68.0,Others,Others,Others,Allari Naresh,Others,Vidyasagar,Ram Prasad,Others,Others,April,Telugu,4
Comedy,7.5,83.0,Others,Others,Chintapalli Ramana (dialogues),Manoj Manchu,Sadha,Others,Others,Marthand K. Venkatesh,Others,August,Telugu,2
Comedy,5.7,80.0,Others,Others,Others,Others,Others,Others,Others,Others,Others,October,Tamil,2
Comedy,6.2,83.0,Others,Others,Ramesh-Gopi (dialogues),Jagapathi Babu,Kalyani,Chakri,Others,Marthand K. Venkatesh,Others,April,Telugu,1
Action,2.1,83.0,Others,Others,M. Ratnam (dialogues),Nandamuri Balakrishna,Others,Koti,V. S. R. Swamy,Kotagiri Venkateswara Rao,Others,December,Telugu,1
Others,3.7,83.0,Others,Others,Others,Rajendra Prasad,Others,Others,Others,K. V. Krishna Reddy,Others,November,Telugu,2
Comedy,4.9,83.0,Others,Allu Aravind,Chintapalli Ramana,Srikanth,Others,Others,Others,Marthand K. Venkatesh,Others,August,Telugu,2
Others,6.0,83.0,Others,Others,Others,Others,Others,Others,Others,Others,Others,February,Telugu,8
Comedy,8.3,92.0,Trivikram Srinivas,Others,Trivikram Srinivas,Mahesh Babu,Trisha Krishnan,Mani Sharma,K. V. Guhan,Sreekar Prasad,Others,August,Telugu,1
Comedy,5.1,65.0,Puri Jagannadh,Nagarjuna Akkineni,Puri Jagannadh,Nagarjuna Akkineni,Anushka Shetty,Others,Shyam K. Naidu,Marthand K. Venkatesh,Annapurna Studios,July,Telugu,1
Action,6.7,80.0,Boyapati Srinu,Dil Raju,Others,Ravi Teja,Others,Devi Sri Prasad,Others,Marthand K. Venkatesh,Sri Venkateswara Creations,May,Telugu,3
Romance,7.7,89.0,Others,M.S. Raju,Paruchuri Brothers,Others,Trisha Krishnan,Devi Sri Prasad,Others,Others,Sumanth Art Productions,January,Telugu,0
Romance,6.1,69.0,A. Karunakaran,Others,Kona Venkat,Pawan Kalyan,Shriya Saran,Mani Sharma,Others,Kotagiri Venkateswara Rao,Others,January,Telugu,3
Action,6.8,83.0,Surender Reddy,Others,Others,Others,Others,Mani Sharma,Ram Prasad,Gowtham Raju,N.T.R. Arts,May,Telugu,2
Romance,6.1,84.0,Krishna Vamsi,Others,Krishna Vamsi,Prabhas,Others,Chakri,Ram Prasad,Others,Others,March,Telugu,4
Action,7.7,82.0,Others,B. V. S. N. Prasad,M. Ratnam (Dialogue),Prabhas,Shriya Saran,M. M. Keeravani,K. K. Senthil Kumar,Kotagiri Venkateswara Rao,Sri Venkateswara Cine Chitra,September,Telugu,0
Comedy,3.6,83.0,K. Raghavendra Rao,Others,Others,Nitin,Trisha Krishnan,M. M. Keeravani,Others,Others,Others,September,Telugu,7
Drama,6.1,76.0,Others,R. B. Choudary,Paruchuri Brothers,Venkatesh,Srikanth,Others,Others,Nandamuri Hari,Others,February,Telugu,0
Action,5.8,81.0,V.V. Vinayak,Others,Others,Allu Arjun,Others,Devi Sri Prasad,Chota K. Naidu,Gowtham Raju,Others,April,Telugu,2
Action,3.2,65.0,B. Gopal,Others,Others,Jr. NTR,Others,Mani Sharma,Others,Kotagiri Venkateswara Rao,Others,May,Telugu,3
Drama,4.1,83.0,Others,Others,Others,Navdeep,Others,Others,Sameer Reddy,Others,Others,October,Telugu,2
Comedy,5.9,89.0,K. Vijaya Bhaskar,Others,Trivikram Srinivas,Chiranjeevi,Others,Mani Sharma,Others,Kotagiri Venkateswara Rao,Others,December,Telugu,3
Drama,5.7,86.0,Others,Others,Others,Ravi Teja,Shriya Saran,Chakri,Others,Others,Others,October,Telugu,4
Romance,7.1,84.0,Others,Others,Deva Katta,Others,Others,Mahesh Shankar,Others,Others,Others,November,Telugu,3
Comedy,4.4,84.0,Others,Allu Aravind,Kona Venkat,Chiranjeevi,Others,Devi Sri Prasad,Others,Marthand K. Venkatesh,Others,June,Telugu,2
Drama,2.7,83.0,Jayanth C. Paranjee,Others,Paruchuri Brothers,Nandamuri Balakrishna,Others,Mani Sharma,Others,Marthand K. Venkatesh,Others,October,Telugu,2
Action,6.6,95.0,Others,Others,Others,Gopichand,Others,Kalyani Malik,Others,Marthand K Venkatesh,Others,August,Telugu,0
Horror,8.1,83.0,Chandra Sekhar Yeleti,Others,Others,Jagapati Babu,Others,Others,Sarvesh Murari,Others,Others,June,Telugu,1
Romance,3.6,74.0,Others,Others,K. V. Vijayendra Prasad,Jr. NTR,Shriya Saran,Devi Sri Prasad,Others,Kotagiri Venkateswara Rao,Others,January,Telugu,3
Romance,3.6,70.0,E. V. V. Satyanarayana,E. V. V. Satyanarayana,Others,Others,Others,Koti,Others,Others,Others,August,Telugu,1
Comedy,4.1,83.0,Others,Others,Others,Others,Others,Others,Others,Others,Others,September,Telugu,6
Romance,3.6,77.0,Teja,Others,Teja,Nitin,Others,Anup Rubens,Others,Others,Others,February,Telugu,4
Comedy,6.1,83.0,Others,Others,Others,Others,Others,Others,Others,Others,Others,January,Telugu,5
Family,3.6,73.0,Others,Chanti Addala,Others,Tarun,Others,Devi Sri Prasad,Others,Others,Others,July,Telugu,1
Action,5.1,74.0,Others,Others,Others,Sumanth,Anushka Shetty,Others,Others,Nandamuri Hari,Others,December,Telugu,3
Action,7.3,83.0,Others,Others,Others,Manoj Manchu,Tamannaah,Others,Others,Gowtam Raju,Sree Lakshmi Prasanna Pictures,December,Telugu,3
Action,3.1,83.0,K. Raghavendra Rao,Others,Paruchuri Brothers (dialogues),Venkatesh,Shriya Saran,Mani Sharma,Others,Kotagiri Venkateswara Rao,Others,April,Telugu,1
Thriller,7.1,79.0,Others,Others,Others,Others,Others,Others,Others,Others,Others,July,Telugu,4
Action,7.7,83.0,Others,Mohan Babu,Others,Others,Others,Others,Others,Gowtham Raju,Sree Lakshmi Prasanna Pictures,September,Telugu,3
Romance,6.0,83.0,V. N. Aditya,Others,Others,Navdeep,Others,Kalyani Malik,Others,Others,Others,February,Telugu,7
Comedy,6.7,83.0,Others,Others,Others,Jagapati Babu,Kalyani,Chakri,Sarath,Others,Others,February,Telugu,1
Action,6.0,83.0,Others,Others,Janardhan Maharshi (dialogues),Jagapati Babu,Others,M. M. Keeravani,Others,Kola Bhaskar,Others,June,Telugu,2
Tollywood,4.5,83.0,S. V. Krishna Reddy,R. R. Venkat,Others,Others,Others,S. V. Krishna Reddy,Others,Others,Others,April,Telugu,3
Others,6.6,83.0,Others,Others,Others,Others,Others,Others,Others,Others,Others,October,Telugu,5
Horror,8.2,92.0,Others,Others,Others,Vikram,Sadha,Harris Jayaraj,Others,V. T. Vijayan,Others,June,Tamil,1
Horror,7.1,81.0,Others,Others,Others,Others,Others,Vidyasagar,Sekhar V. Joseph,Suresh Urs,Others,April,Tamil,1
Romance,4.6,83.0,Ravi Babu,Others,Others,Tarun,Arti Agarwal,Chakri,Others,Anthony,Suresh Productions,March,Telugu,1
Comedy,5.8,77.0,Others,Others,Others,Others,Others,Others,Others,Others,Others,April,Tamil,2
Tollywood,6.4,83.0,Others,Others,Others,Rajendra Prasad,Others,Others,Prasad Murella,Others,Others,April,Telugu,1
Action,7.5,92.0,Others,Others,A. R. Murugadoss,Others,Others,Harris Jayaraj,Others,Anthony,Others,September,Tamil,0
Tollywood,6.0,83.0,Others,Others,Others,Others,Others,Others,Others,Others,Others,July,Telugu,3
Romance,8.2,92.0,Others,Dil Raju,Others,Siddharth,Genelia D'Souza,Devi Sri Prasad,Vijay C Chakravarthy,Marthand K. Venkatesh,Sri Venkateswara Creations,August,Telugu,1
Comedy,7.9,86.0,Puri Jagannadh,Puri Jagannadh,Puri Jagannadh,Mahesh Babu,Ileana D'Cruz,Mani Sharma,Shyam K. Naidu,Marthand K. Venkatesh,Others,April,Telugu,1
Action,5.8,86.0,Others,Others,Paruchuri Brothers,Chiranjeevi,Trisha Krishnan,Mani Sharma,Chota K. Naidu,Anthony,Others,September,Telugu,1
Action,5.9,61.0,Surender Reddy,Others,Others,N. T. Rama Rao Jr.,Others,Mani Sharma,Others,Gowtham Raju,Others,July,Telugu,1
Comedy,7.7,81.0,S.S. Rajamouli,Others,Others,Ravi Teja,Anushka Shetty,M. M. Keeravani,Sarvesh Murari,Kotagiri Venkateswara Rao,Others,June,Telugu,2
Action,5.2,84.0,Gunasekhar,Others,Gunasekhar,Mahesh Babu,Trisha Krishnan,Harris Jayaraj,Others,A. Sreekar Prasad,Others,December,Telugu,2
Tollywood,7.7,92.0,Sekhar Kammula,Others,Sekhar Kammula,Sumanth,Others,Others,Vijay C. Kumar,Marthand K. Venkatesh,Others,May,Telugu,2
Action,4.7,75.0,Others,A.M. Ratnam,Others,Pawan Kalyan,Others,Vidyasagar,Others,V. T. Vijayan,Others,May,Telugu,2
Drama,7.2,81.0,K. Raghavendra Rao,Others,Others,Others,Others,M. M. Keeravani,S. Gopal Reddy,A. Sreekar Prasad,Others,March,Telugu,0
Romance,5.1,87.0,Others,Others,Others,Ram,Ileana D'Cruz,Chakri,Others,Kotagiri Venkateswara Rao,Others,January,Telugu,2
Action,3.9,83.0,Others,Others,Others,Sumanth,Others,Ramana Gogula,Others,Kotagiri Venkateswara Rao,Others,October,Telugu,4
Action,6.5,83.0,Krishna Vamsi,Others,Krishna Vamsi,Others,Others,Devi Sri Prasad,S. Gopal Reddy,Shankar,Others,December,Telugu,1
Comedy,7.1,90.0,A. Karunakaran,Allu Aravind,Kona Venkat,Allu Arjun,Genelia D'Souza,Yuvan Shankar Raja,Others,Anthony,Geetha Arts,January,Telugu,1
Comedy,5.2,83.0,S. V. Krishna Reddy,Others,Janardhan Maharshi,Rajendra Prasad,Srikanth,S. V. Krishna Reddy,Others,K. V. Krishna Reddy,Others,January,Telugu,1
Drama,4.3,83.0,Others,Others,Others,Nitin,Genelia D'Souza,Yuvan Shankar Raja,Others,Others,Others,March,Telugu,3
Comedy,5.6,83.0,Others,Others,Kona Venkat (dialogues),Others,Others,Chakri,Sameer Reddy,A. Sreekar Prasad,Others,January,Telugu,1
Action,4.9,84.0,Bhimaneni Srinivasa Rao,Others,Others,Pawan Kalyan,Others,Ramana Gogula,Others,Gowtham Raju,Others,December,Telugu,2
Comedy,3.5,58.0,Others,B. V. S. N. Prasad,Others,Ravi Teja,Ileana D'Cruz,M. M. Keeravani,Others,Kotagiri Venkateswara Rao,Others,December,Telugu,2
Drama,5.2,83.0,S. V. Krishna Reddy,R. R. Venkat,Others,Others,Others,Others,Others,Others,Others,May,Telugu,7
Comedy,5.3,83.0,Others,Others,Others,Rajendra Prasad,Others,Chakri,Sarath,Shankar,Others,November,Telugu,1
Comedy,5.3,83.0,Others,D. Ramanaidu,Others,Srikanth,Others,M. M. Srilekha,Others,Marthand K. Venkatesh,Suresh Productions,May,Telugu,4
Action,5.9,83.0,Others,Others,Others,Nandamuri Kalyan Ram,Others,Chakri,Others,Gautham Raju,Others,February,Telugu,3
Comedy,5.8,76.0,Others,Others,Others,Allari Naresh,Others,Others,Others,Others,E. V .V. Cinema,May,Telugu,2
Drama,7.2,83.0,Others,Urmila Gunnam,Others,Sharwanand,Others,M. M. Keeravani,Others,Others,Others,July,Telugu,4
Action,4.1,83.0,Ram Gopal Varma,Others,Others,Others,Others,Ilaiyaraaja,Others,Others,Others,September,Hindi,5
Action,4.1,83.0,Others,Others,Others,Srikanth,Others,Chakri,Others,Others,Others,December,Telugu,8
Action,7.4,83.0,Others,R. R. Venkat,Others,Jagapati Babu,Others,Vandemataram Srinivas,Vijay C. Kumar,Others,Others,October,Telugu,2
Tollywood,5.8,86.0,Others,Others,Others,Others,Others,Mani Sharma,Others,Marthand K. Venkatesh,Others,January,Telugu,0
Tollywood,5.2,83.0,Others,Mohan Babu,Others,Others,Others,Others,Others,Gowtam Raju,Others,August,Telugu,3
Drama,6.2,83.0,Others,Others,Others,Jagapati Babu,Priyamani,Others,Others,Others,Others,December,Telugu,2
Romance,7.5,83.0,Others,Others,Others,Others,Others,Others,Others,Others,Others,August,Telugu,2
Comedy,4.9,83.0,Others,Others,Others,Allari Naresh,Others,Koti,Others,Kotagiri Venkateswara Rao,Others,November,Telugu,1
Others,7.2,90.0,Others,Others,Others,Others,Others,Others,Others,Others,Others,September,Telugu,2
Thriller,6.0,83.0,Others,Others,G. Neelakanta Reddy,Others,Others,Others,Others,Others,Others,June,Telugu,4
Tollywood,6.0,83.0,Others,Others,Others,Others,Others,Others,Others,Others,Others,February,Telugu,6
Action,7.6,83.0,Others,Others,Others,Others,Anushka Shetty,S. A. Rajkumar,Others,Gautham Raju,Others,June,Telugu,4
Comedy,7.9,95.0,Sekhar Kammula,Sekhar Kammula,Sekhar Kammula,Varun Sandesh,Others,Mickey J Meyer,Others,Marthand K. Venkatesh,Others,September,Telugu,2
Action,5.4,88.0,Boyapati Srinu,D.Suresh Babu,Paruchuri Brothers (dialogues),Venkatesh,Nayantara,Devi Sri Prasad,Others,Marthand K. Venkatesh,Others,October,Telugu,1
Action,6.1,84.0,Puri Jagannadh,DVV Danayya,Puri Jagannadh,Allu Arjun,Hansika Motwani,Chakri,Shyam K. Naidu,Marthand K. Venkatesh,Others,January,Telugu,2
Comedy,7.4,89.0,S.S. Rajamouli,Urmila Gunnam,M. Ratnam (Dialogue),Jr. NTR,Priyamani,M. M. Keeravani,K. K. Senthil Kumar,Kotagiri Venkateswara Rao,Others,August,Telugu,0
Action,5.3,82.0,Puri Jagannadh,C. Ashwini Dutt,Puri Jagannadh,Others,Others,Mani Sharma,Shyam K. Naidu,Others,Others,September,Telugu,2
Action,7.5,86.0,Others,Others,Others,Others,Shriya Saran,A. R. Rahman,Others,Others,Others,June,Tamil,0
Comedy,7.4,87.0,Others,N. V. Prasad,Ramesh-Gopi (dialogues),Venkatesh,Trisha,Yuvan Shankar Raja,Others,Kola Bhaskar,Others,April,Telugu,0
Bollywood,6.3,84.0,Others,Others,M. Ratnam (dialogues),Gopichand,Others,Mani Sharma,Sekhar V. Joseph,Gautham Raju,Sri Lakshmi Narasimha Productions,July,Telugu,0
Comedy,7.8,79.0,Others,Others,Others,Others,Genelia D'Souza,Chakri,Prasad Murella,Marthand K Venkatesh,Others,April,Telugu,2
Action,4.7,74.0,V.V. Vinayak,Others,Others,Prabhas,Nayantara,Ramana Gogula,Sameer Reddy,Gowtham Raju,Others,January,Telugu,2
Romance,4.8,56.0,V. N. Aditya,M. S. Raju,Others,Others,Others,Devi Sri Prasad,Chota K. Naidu,Others,Sumanth Art Productions,May,Telugu,3
Bollywood,6.6,87.0,Sukumar,Others,Sukumar,Ram,Others,Devi Sri Prasad,R. Rathnavelu,A. Sreekar Prasad,Others,March,Telugu,2
Comedy,5.2,78.0,Others,Others,Paruchuri Brothers (dialogues),Chiranjeevi,Srikanth,Devi Sri Prasad,Chota K. Naidu,Marthand K Venkatesh,Others,July,Telugu,2
Comedy,6.6,78.0,Srinu Vaitla,Others,Srinu Vaitla,Ravi Teja,Nayantara,Mani Sharma,Others,Others,Others,June,Telugu,3
Action,5.7,86.0,Surender Reddy,Others,Vakkantham Vamsi,Mahesh Babu,Others,Mani Sharma,Sameer Reddy,Gowtham Raju,Others,October,Telugu,1
Drama,5.6,83.0,Others,R. B. Choudary,Others,Others,Others,S. A. Rajkumar,R. Madhi,Others,Others,November,Telugu,3
Tollywood,5.7,83.0,K. Vijaya Bhaskar,Sravanthi Ravi Kishore,Others,Sumanth,Others,Koti,Others,Sreekar Prasad,Sri Sravanthi Movies,April,Telugu,4
Tollywood,7.3,90.0,Ravi Babu,Ravi Babu,Others,Others,Others,Others,Sudhakar Reddy,Marthand K. Venkatesh,Others,December,Telugu,3
Action,2.4,83.0,Others,Others,Others,Nandamuri Balakrishna,Sneha,Others,Others,Others,Others,February,Telugu,1
Action,7.3,94.0,Chandra Sekhar Yeleti,Others,Others,Gopichand,Others,M. M. Keeravani,Others,Others,Others,March,Telugu,0
Comedy,4.3,78.0,Others,Others,Others,Others,Others,S. V. Krishna Reddy,Others,K. V. Krishna Reddy,Others,June,Telugu,2
Others,7.1,92.0,Others,Others,Others,Others,Sadha,Harris Jayaraj,Others,V. T. Vijayan,Others,April,Tamil,1
Tollywood,4.9,83.0,Others,Others,Others,Others,Others,Mani Sharma,Others,Others,Others,July,Telugu,5
Action,5.1,74.0,Teja,Allu Aravind,Others,Nandamuri Kalyan Ram,Kajal Aggarwal,R. P. Patnaik,Others,Others,Others,February,Telugu,6
Horror,6.9,83.0,Others,Others,Others,Others,Others,Others,Others,Others,Others,December,Telugu,4
Romance,3.6,83.0,Others,Others,Others,Navdeep,Others,Others,Others,Others,Others,January,Telugu,7
Romance,7.8,84.0,Others,Others,Others,Others,Others,A. R. Rahman,Others,A. Sreekar Prasad,Others,January,Hindi,1
Comedy,6.5,83.0,Others,Others,Others,Others,Others,Others,Others,Others,Others,February,Telugu,7
Romance,6.5,83.0,Others,D. Ramanaidu,Others,Sumanth,Sneha,Mani Sharma,Others,Marthand K. Venkatesh,Others,February,Telugu,4
Horror,6.3,75.0,Others,Others,Others,Others,Others,Others,K. V. Guhan,Suresh Urs,Others,March,Tamil,1
Drama,6.1,83.0,Others,Others,Posani Krishna Murali,Srikanth,Others,M. M. Srilekha,Others,Gautham Raju,Others,May,Telugu,3
Romance,4.3,83.0,Others,Others,Others,Nitin,Sadha,Chakri,Others,Gowtham Raju,United Movies,November,Telugu,4
Comedy,5.2,83.0,Others,Others,Others,Allari Naresh,Others,Others,Others,Others,E. V .V. Cinema,April,Telugu,2
Thriller,6.5,83.0,Others,Others,Others,Others,Others,Others,P.G. Vinda,Others,Others,February,Telugu,5
Thriller,5.1,82.0,Others,Others,Others,Others,Others,Mani Sharma,Others,Gowtam Raju,Others,May,Telugu,2
Action,5.6,85.0,Others,Others,Others,Others,Others,Yuvan Shankar Raja,Others,V. T. Vijayan,Others,January,Tamil,1
Romance,7.3,76.0,Others,Mohan Babu,Others,Manoj Manchu,Others,Yuvan Shankar Raja,Prasad Murella,Gautham Raju,Sree Lakshmi Prasanna Pictures,May,Telugu,2
Action,7.1,90.0,Others,Dil Raju,Others,Allu Arjun,Others,Mani Sharma,Vijay C Chakravarthy,Marthand K. Venkatesh,Sri Venkateswara Creations,May,Telugu,1
Romance,8.3,96.0,Others,Others,Others,Allari Naresh,Others,Others,Others,Others,Others,February,Telugu,1
Action,6.9,91.0,Puri Jagannadh,Others,Puri Jagannadh,Prabhas,Trisha,Others,Shyam K. Naidu,Others,Others,March,Telugu,1
Comedy,7.2,81.0,Trivikram Srinivas,Allu Aravind,Trivikram Srinivas,Pawan Kalyan,Ileana D'Cruz,Devi Sri Prasad,K. V. Guhan,Sreekar Prasad,Others,April,Telugu,2
Comedy,7.2,84.0,Mohan Krishna Indraganti,Others,Others,Others,Others,Kalyani Malik,P.G. Vinda,Marthand K. Venkatesh,Others,September,Telugu,3
Others,6.5,82.0,Others,M. S. Raju,Others,Others,Others,Others,Sekhar V. Joseph,Others,Sumanth Art Productions,January,Telugu,3
Others,7.2,91.0,Others,Others,Others,Others,Others,Songs:,Others,Others,Others,June,Tamil,1
Action,6.1,78.0,Others,V. Anand Prasad,M. Ratnam (dialogues),Gopichand,Anushka Shetty,Mani Sharma,Others,Marthand K Venkatesh,Bhavya Creations,September,Telugu,0
Comedy,7.1,83.0,Others,Others,Others,Others,Others,Others,P.G. Vinda,Marthand K Venkatesh,Others,November,Telugu,4
Comedy,7.2,83.0,Others,Mohan Babu,Others,Nagarjuna Akkineni,Others,M. M. Keeravani,Others,Gautham Raju,Sree Lakshmi Prasanna Pictures,February,Telugu,1
Romance,6.9,86.0,Others,Dil Raju,Srikanth Addala,Varun Sandesh,Others,Others,Chota K. Naidu,Marthand K. Venkatesh,Sri Venkateswara Creations,October,Telugu,2
Action,5.2,79.0,Others,C. Ashwini Dutt,Others,Jr. NTR,Hansika Motwani,Mani Sharma,Sameer Reddy,Marthand K. Venkatesh,Others,May,Telugu,2
Romance,4.2,83.0,K. Vijaya Bhaskar,Others,Abburi Ravi (dialogues),Others,Others,Others,Others,Marthand K. Venkatesh,Others,April,Telugu,1
Comedy,7.2,87.0,Srinu Vaitla,Sravanthi Ravi Kishore,Kona Venkat,Ram,Genelia D'Souza,Devi Sri Prasad,Prasad Murella,M.R. Varma,Sri Sravanthi Movies,June,Telugu,1
Comedy,5.4,87.0,Others,Nallamalupu Bujji,Kona Venkat,Venkatesh,Anushka Shetty,Songs:,K. Ravindra Babu,Sreekar Prasad,Others,October,Telugu,0
Action,5.8,83.0,Others,Others,Others,Gopichand,Others,Mani Sharma,Sarvesh Murari,Gautham Raju,Others,February,Telugu,1
Comedy,6.5,83.0,Others,Others,Others,Allari Naresh,Others,Koti,Others,Others,Others,October,Telugu,7
Romance,6.1,83.0,Others,Others,G. Neelakanta Reddy,Others,Genelia D'Souza,Chakri,Others,Others,Others,January,Telugu,4
Tollywood,3.5,83.0,Others,Others,Others,Others,Others,Vidyasagar,Others,Others,Others,February,Telugu,7
Action,5.6,83.0,Others,Kiran Kumar Koneru,Kona Venkat (dialogues),Jagapathi Babu,Others,Others,Others,Others,Others,August,Telugu,1
Others,6.0,83.0,Others,Others,Others,Others,Others,Others,Others,Others,Others,October,Telugu,8
Others,5.8,83.0,Others,Others,Others,Uday Kiran,Others,M. M. Keeravani,Others,K. V. Krishna Reddy,United Movies,September,Telugu,3
Drama,5.8,83.0,Others,Adityaram,Others,Jagapati Babu,Anushka Shetty,R. P. Patnaik,Others,M.R. Varma,Others,January,Telugu,1
Comedy,5.9,83.0,Others,Others,Others,Allari Naresh,Others,M. M. Srilekha,Others,Marthand K. Venkatesh,Others,April,Telugu,4
Others,3.7,83.0,Others,Others,Others,Others,Tamannaah,Chakri,Others,Others,Others,April,Telugu,2
Romance,6.9,96.0,A. Karunakaran,Others,Others,Others,Others,Others,Others,Marthand K. Venkatesh,Others,July,Telugu,2
Romance,7.1,83.0,Ravi Babu,Ramoji Rao,Others,Others,Others,Shekar Chandra,Others,Marthand K. Venkatesh,Ushakiran Movies,December,Telugu,0
Drama,6.8,93.0,Puri Jagannadh,DVV Danayya,Puri Jagannadh,Ravi Teja,Others,Chakri,Shyam K Naidu,Others,Others,December,Telugu,4
Comedy,4.3,83.0,Others,Others,Others,Nitin,Kajal Aggarwal,Chakri,Others,Others,Others,March,Telugu,5
Horror,5.8,83.0,Others,Others,Others,Jagapati Babu,Kalyani,Others,Others,Others,Others,September,Telugu,1
Comedy,3.8,83.0,Others,Others,Others,Others,Others,Others,Others,Marthand K. Venkatesh,Others,August,Telugu,4
Comedy,2.2,57.0,Others,YVS Chowdary,Chintapalli Ramana (dialogues),Nandamuri Balakrishna,Anushka Shetty,Mani Sharma,Others,Kotagiri Venkateswara Rao,Others,January,Telugu,0
Action,5.4,83.0,Others,Others,Others,Sumanth,Kajal Aggarwal,Mani Sharma,Others,Others,Others,January,Telugu,4
Action,4.3,83.0,Others,Others,Others,Jagapati Babu,Srikanth,Chakri,Sarath,Gautham Raju,Others,March,Telugu,2
Tollywood,5.1,83.0,Teja,Teja,Teja,Others,Others,Chakri,Others,Shankar,Others,October,Telugu,4
Drama,6.0,83.0,Others,Others,Others,Uday Kiran,Others,Others,Others,Others,Others,February,Telugu,5
Tollywood,4.4,83.0,Others,Others,Others,Others,Simran,Others,Others,Others,Others,March,Telugu,5
Drama,4.8,83.0,Others,Others,Others,Allari Naresh,Others,Others,Others,Others,Others,February,Telugu,5
Tollywood,4.3,83.0,Others,Others,Others,Others,Others,Others,Others,Others,Others,March,Telugu,7
Romance,6.7,88.0,Others,Sekhar Kammula,Others,Others,Others,Others,Others,Others,Others,November,Telugu,1
Action,6.7,83.0,Others,Others,Others,Others,Priyamani,Mickey J Meyer,Ram Prasad,Gowtham Raju,N.T.R. Arts,July,Telugu,2
Others,5.9,83.0,Others,Others,Others,Nikhil Siddharth,Others,Mani Sharma,Others,Marthand K. Venkatesh,Others,November,Telugu,5
Comedy,2.6,83.0,Others,Others,Others,Others,Others,Sai Karthik,Others,Others,Others,July,Telugu,7
Action,7.7,81.0,Others,Allu Aravind,Others,Ram Charan,Kajal Aggarwal,M. M. Keeravani,K. K. Senthil Kumar,Kotagiri Venkateswara Rao,Geetha Arts,July,Telugu,0
Horror,7.3,85.0,Others,Others,Chintapalli Ramana,Anushka Shetty,Others,Koti,K. K. Senthil Kumar,Marthand K Venkatesh,Others,January,Telugu,2
Action,7.3,89.0,Sukumar,Others,Sukumar,Allu Arjun,Others,Devi Sri Prasad,Others,Marthand K. Venkatesh,Others,November,Telugu,2
Action,6.1,80.0,Others,Others,Others,Prabhas,Anushka Shetty,Mani Sharma,Others,Marthand K. Venkatesh,Others,April,Telugu,2
Romance,7.1,93.0,Others,Others,Others,Siddharth,Tamannaah,Others,Others,A. Sreekar Prasad,Sri Lakshmi Narasimha Productions,February,Telugu,1
Romance,6.6,88.0,Others,DVV Danayya,Others,Siddharth,Others,Yuvan Shankar Raja,Others,Marthand K Venkatesh,Others,July,Telugu,1
Action,4.8,76.0,Others,Bandla Ganesh,Others,Ravi Teja,Nayantara,Others,Others,Marthand K. Venkatesh,Parameswara Art Productions,August,Telugu,2
Others,5.5,84.0,Puri Jagannadh,Others,Others,Others,Others,Mani Sharma,Shyam K Naidu,Others,Others,October,Telugu,4
Action,5.1,83.0,Others,Nandamuri Kalyan Ram,Others,Nandamuri Kalyan Ram,Hansika Motwani,Others,Others,Gowtam Raju,Others,October,Telugu,4
Action,6.1,77.0,Krishna Vamsi,Others,Others,Srikanth,Others,Others,Others,Gautham Raju,Others,October,Telugu,4
Romance,7.5,83.0,Chandra Sekhar Yeleti,Others,Others,Manoj Manchu,Others,Mahesh Shankar,Sarvesh Murari,Others,Others,May,Telugu,4
Romance,5.2,77.0,Krishna Vamsi,Others,Krishna Vamsi,Others,Genelia D'Souza,Others,Others,Shankar,Others,January,Telugu,3
Comedy,5.2,83.0,B. Gopal,Others,Others,Ram,Hansika Motwani,Chakri,Others,Others,Sumanth Art Productions,January,Telugu,3
Drama,5.1,83.0,Others,Sivalenka Krishna Prasad,M. Ratnam (dialogues),Nandamuri Balakrishna,Priyamani,Mani Sharma,Others,Kola Bhaskar,Others,May,Telugu,1
Comedy,6.7,83.0,Others,Others,Others,Others,Others,Others,Others,Marthand K Venkatesh,Others,November,Telugu,4
Comedy,7.8,87.0,Surender Reddy,R. R. Venkat,Others,Ravi Teja,Ileana D'Cruz,S. Thaman,Others,Gautham Raju,Others,May,Telugu,0
Comedy,5.3,83.0,Others,Others,Others,Others,Trisha,S. Thaman,Others,Gautham Raju,Others,September,Telugu,1
Comedy,6.8,79.0,Others,D. Ramanaidu,Others,Allari Naresh,Others,Koti,Others,Gautham Raju,Suresh Productions,October,Telugu,2
Romance,4.9,83.0,Others,Puri Jagannadh,Others,Others,Others,Others,Others,Others,Others,October,Telugu,6
Action,6.2,89.0,Others,Dil Raju,Others,Naga Chaitanya,Others,Others,Sameer Reddy,Marthand K Venkatesh,Sri Venkateswara Creations,September,Telugu,2
Tollywood,5.6,72.0,Others,Others,Others,Others,Others,Devi Sri Prasad,Others,Others,Others,June,Telugu,2
Thriller,4.7,83.0,Others,Manjula Ghattamaneni,Others,Others,Others,Others,Others,Others,Others,June,Telugu,4
Action,7.2,79.0,Others,Priyanka Dutt,Others,Nara Rohit,Others,Mani Sharma,Others,Marthand K. Venkatesh,Others,September,Telugu,2
Thriller,6.6,83.0,Ravi Babu,V. Anand Prasad,Others,Others,Others,Shekar Chandra,Sudhakar Reddy,Others,Bhavya Creations,December,Telugu,4
Drama,7.4,83.0,Others,Others,Others,Others,Others,Others,Others,Others,Others,March,Telugu,3
Thriller,6.8,83.0,Others,Others,Others,Others,Others,Mani Sharma,Others,Others,Others,May,Telugu,6
Romance,6.3,83.0,Others,Others,Others,Others,Others,Others,Others,Others,Others,July,Telugu,4
Romance,5.1,89.0,Others,Sravanthi Ravi Kishore,Others,Ram,Kajal Aggarwal,Mickey J Meyer,Hari Anumolu,Sreekar Prasad,Sri Sravanthi Movies,September,Telugu,2
Family,7.3,83.0,Others,Others,Others,Others,Others,Chakri,Others,Others,Others,June,Telugu,7
Action,4.3,83.0,Others,Others,Others,Varun Sandesh,Others,Others,Sarvesh Murari,Marthand K Venkatesh,Anandi Art Creations,November,Telugu,4
Tollywood,4.5,73.0,Others,Others,Others,Nitin,Priyamani,Others,Others,Others,Others,February,Telugu,6
Romance,4.8,83.0,Others,Others,Others,Varun Sandesh,Others,Mani Sharma,Others,Others,Others,June,Telugu,5
Romance,3.4,83.0,Others,Others,Others,Nitin,Ileana D'Cruz,Mani Sharma,Others,Kotagiri Venkateswara Rao,Others,September,Telugu,5
Action,4.9,80.0,Others,Others,Others,Vikram,Shriya Saran,Devi Sri Prasad,Others,Others,Others,August,Tamil,1
Comedy,4.6,83.0,Others,Others,Others,Sumanth,Others,Ramana Gogula,Others,M.R. Varma,Others,June,Telugu,4
Drama,4.5,83.0,Others,Others,Others,Jagapati Babu,Others,M. M. Srilekha,Others,Others,Others,May,Telugu,1
Bollywood,6.0,81.0,Others,Others,Others,Others,Others,Others,Others,Others,Others,September,Telugu,2
Action,7.3,93.0,Others,Others,Others,Others,Others,Harris Jayaraj,Others,Others,Others,April,Tamil,0
Horror,7.1,92.0,Others,Others,Others,Others,Others,Others,Others,Sreekar Prasad,Others,March,Tamil,1
Romance,6.0,83.0,Others,Ramoji Rao,Others,Others,Others,Sunil Kashyap,Others,Gautham Raju,Ushakiran Movies,October,Telugu,4
Tollywood,5.6,83.0,Others,Kiran Kumar Koneru,Others,Jagapati Babu,Others,Others,Others,Others,Others,February,Telugu,2
Tollywood,5.1,87.0,Others,Bellamkonda Suresh,Others,Nani,Others,Others,Shyam K. Naidu,Marthand K. Venkatesh,Others,June,Telugu,3
Tollywood,6.1,83.0,Others,Urmila Gunnam,Others,Others,Genelia D'Souza,Others,Others,Others,Others,December,Telugu,5
Romance,7.8,94.0,Others,Manjula Ghattamaneni,Others,Naga Chaitanya,Samantha Ruth Prabhu,A. R. Rahman,Others,Others,Others,February,Telugu,2
Action,8.3,93.0,Others,Others,Deva Katta,Others,Others,Mahesh Shankar,Others,Dharmendra Kakarala,Others,April,Telugu,2
Comedy,7.6,90.0,Trivikram Srinivas,Others,Trivikram Srinivas,Mahesh Babu,Anushka Shetty,Mani Sharma,Others,A. Sreekar Prasad,Others,October,Telugu,2
Romance,7.4,85.0,A. Karunakaran,B. V. S. N. Prasad,Darling Swamy (dialogues),Prabhas,Kajal Aggarwal,Others,Others,Kotagiri Venkateswara Rao,Sri Venkateswara Cine Chitra,April,Telugu,0
Drama,8.1,92.0,Sekhar Kammula,Others,Sekhar Kammula,Rana Daggubati,Others,Mickey J Meyer,Vijay C. Kumar,Marthand K Venkatesh,Others,February,Telugu,1
Romance,7.2,88.0,Others,Dil Raju,Others,N. T. Rama Rao Jr.,Kajal Aggarwal,S. Thaman,Chota K. Naidu,Marthand K Venkatesh,Sri Venkateswara Creations,October,Telugu,1
Comedy,7.5,86.0,Others,Others,Others,Sunil,Others,M. M. Keeravani,Ram Prasad,Kotagiri Venkateswara Rao,Others,July,Telugu,1
Action,3.6,75.0,Gunasekhar,DVV Danayya,Gunasekhar,Allu Arjun,Others,Mani Sharma,Others,Anthony,Others,March,Telugu,3
Comedy,6.8,88.0,V.V. Vinayak,Others,Kona Venkat,Others,Nayantara,Devi Sri Prasad,Chota K. Naidu,Gowtham Raju,Annapurna Studios,January,Telugu,1
Tollywood,7.2,83.0,Others,Others,Others,Others,Others,R. P. Patnaik,Others,Others,Others,December,Telugu,4
Action,4.9,83.0,Others,D. Siva Prasad Reddy,Others,Nagarjuna Akkineni,Others,Others,Sarvesh Murari,Others,Others,February,Telugu,2
Comedy,3.6,83.0,Others,Others,Others,Nikhil Siddharth,Others,Others,Others,Marthand K. Venkatesh,Others,February,Telugu,4
Romance,6.2,76.0,Others,Others,Others,Others,Others,Others,Others,Marthand K. Venkatesh,Others,September,Telugu,0
Action,6.1,76.0,Boyapati Srinu,Others,Others,Nandamuri Balakrishna,Nayantara,Chakri,Arthur A. Wilson,Anthony,United Movies,April,Telugu,1
Action,5.4,73.0,Others,Others,Others,Venkatesh,Trisha,Devi Sri Prasad,Prasad Murella,M.R. Varma,Suresh Productions,January,Telugu,0
Comedy,6.2,73.0,Others,D. Siva Prasad Reddy,Others,Nagarjuna Akkineni,Anushka Shetty,S. Thaman,Sarvesh Murari,Marthand K. Venkatesh,Others,December,Telugu,1
Comedy,5.5,84.0,Others,Dil Raju,Others,Others,Others,Others,Sekhar V. Joseph,Marthand K Venkatesh,Sri Venkateswara Creations,May,Telugu,2
Action,4.5,67.0,Others,Bellamkonda Suresh,Paruchuri Brothers,Anushka Shetty,Others,Others,Shyam K. Naidu,Marthand K Venkatesh,Sri Sai Ganesh Productions,December,Telugu,0
Action,5.3,83.0,Others,Others,Others,Jagapathi Babu,Others,Others,Others,Others,Others,September,Telugu,1
Drama,5.1,58.0,Others,Others,Others,Others,Others,Chakri,Others,K. V. Krishna Reddy,Others,October,Telugu,0
Action,6.8,87.0,Others,Bellamkonda Suresh,Others,Ravi Teja,Others,Others,Others,Others,Others,January,Telugu,2
Comedy,3.8,78.0,Others,Others,Others,Pawan Kalyan,Others,A. R. Rahman,Others,Others,Others,September,Telugu,3
Drama,7.3,83.0,Others,Others,Others,Sharwanand,Others,Anoop Rubens,Others,Others,Others,May,Telugu,5
Drama,7.1,70.0,K. Raghavendra Rao,Lakshmi Manchu,Others,Manoj Manchu,Others,M. M. Keeravani,S. Gopal Reddy,Marthand K. Venkatesh,Sree Lakshmi Prasanna Pictures,July,Telugu,2
Action,5.8,73.0,Puri Jagannadh,Bellamkonda Suresh,Puri Jagannadh,Gopichand,Priyamani,Chakri,Shyam K Naidu,Marthand K Venkatesh,Sri Sai Ganesh Productions,May,Telugu,1
Comedy,6.1,84.0,Others,R. R. Venkat,Others,Ravi Teja,Shriya Saran,Mani Sharma,Sameer Reddy,Others,Others,June,Telugu,2
Romance,7.8,93.0,Others,Others,Others,Nani,Others,Others,Others,Others,Others,July,Telugu,4
Drama,4.3,87.0,Others,Others,Others,Anushka Shetty,Others,Others,Others,Marthand K Venkatesh,Others,June,Telugu,4
Romance,3.2,83.0,Others,Dil Raju,Others,Varun Sandesh,Others,Songs:,Others,Marthand K Venkatesh,Others,March,Telugu,3
Drama,5.1,84.0,Others,Others,Sampath Nandi,Varun Sandesh,Others,Chakri,Others,Others,Others,November,Telugu,4
Comedy,5.4,83.0,Others,Others,Others,Allari Naresh,Others,Chakri,Others,Others,Others,September,Telugu,4
Action,4.3,83.0,Others,Others,Others,Navdeep,Others,Mani Sharma,Others,Marthand K. Venkatesh,Others,March,Telugu,4
Bollywood,7.6,87.0,Ram Gopal Varma,Others,Others,Others,Others,Others,P. S. Vinod,Others,Others,October,Hindi,1
Drama,3.8,83.0,Others,Others,Others,Jagapati Babu,Priyamani,Others,Others,Gautham Raju,Others,March,Telugu,2
Drama,4.3,83.0,Others,Others,Others,Others,Others,Chakri,Others,Others,Others,December,Telugu,5
Action,8.5,75.0,Others,Others,Others,Srikanth,Others,Others,Others,Sreekar Prasad,Others,April,Others,2
Action,6.1,83.0,Others,Nandamuri Kalyan Ram,Others,Others,Others,Mani Sharma,Sarvesh Murari,Gowtam Raju,N.T.R. Arts,November,Telugu,3
Drama,7.2,76.0,Ravi Babu,Others,Others,Vikram,Others,Others,Sudhakar Reddy,Marthand K. Venkatesh,Others,October,Telugu,2
Drama,6.1,83.0,Others,Others,Others,Sundeep Kishan,Others,Sunil Kashyap,Others,Others,Others,July,Telugu,2
Drama,3.9,83.0,Others,Others,Others,Allari Naresh,Others,Mani Sharma,Others,Others,Others,July,Telugu,5
Action,6.3,89.0,Others,Others,Others,Others,Tamannaah,Yuvan Shankar Raja,R. Madhi,Others,Others,April,Tamil,0
Action,7.1,90.0,Others,Dil Raju,Others,Prabhas,Kajal Aggarwal,Devi Sri Prasad,Vijay C Chakravarthy,Others,Sri Venkateswara Creations,April,Telugu,0
Comedy,7.5,85.0,Srinu Vaitla,Ram Achanta,Srinu Vaitla,Mahesh Babu,Samantha Ruth Prabhu,S. Thaman,K. V. Guhan,M. R. Varma,14 Reels Entertainment,September,Telugu,1
Drama,7.1,77.0,Others,Others,Others,Nandamuri Balakrishna,Others,Ilaiyaraaja,Others,Others,Others,November,Telugu,1
Comedy,7.8,95.0,Others,Others,Others,Nani,Others,Others,Sai Sriram,Prawin Pudi,Others,September,Telugu,0
Drama,7.7,93.0,Others,Others,Others,Nani,Others,Kalyani Malik,Others,Marthand K Venkatesh,Others,January,Telugu,2
Action,6.6,88.0,Others,Others,Others,Pawan Kalyan,Others,Yuvan Shankar Raja,P. S. Vinod,A. Sreekar Prasad,Others,December,Telugu,0
Drama,3.8,70.0,Krishna Vamsi,Others,Others,Gopichand,Others,Others,Others,Gautham Raju,Sri Lakshmi Narasimha Productions,November,Telugu,0
Comedy,6.6,84.0,Surender Reddy,B. V. S. N. Prasad,Vakkantham Vamsi,Others,Others,Devi Sri Prasad,Others,Gautham Raju,Sri Venkateswara Cine Chitra,October,Telugu,1
Drama,6.8,89.0,Mohan Krishna Indraganti,Others,Others,Sumanth,Others,Kalyani Malik,K. K. Senthil Kumar,Others,Others,January,Telugu,4
Comedy,3.8,79.0,Others,D. Siva Prasad Reddy,Others,Others,Kajal Aggarwal,Devi Sri Prasad,Others,Dharmendra Kakarala,Others,August,Telugu,1
Comedy,6.2,84.0,Others,Bellamkonda Suresh,Others,Ram,Hansika Motwani,S. Thaman,Others,Others,Sri Sai Ganesh Productions,August,Telugu,4
Comedy,3.7,69.0,Others,Others,Paruchuri Brothers,Ravi Teja,Kajal Aggarwal,Others,Chota K. Naidu,Marthand K. Venkatesh,Others,May,Telugu,2
Comedy,4.4,75.0,V. V. Vinayak,Allu Aravind,Others,Allu Arjun,Tamannaah,M. M. Keeravani,Others,Gowtam Raju,Geetha Arts,June,Telugu,0
Action,5.1,87.0,Puri Jagannadh,Nallamalupu Bujji,Puri Jagannadh,Rana Daggubati,Ileana D'Cruz,Others,Others,Others,Others,April,Telugu,4
Romance,2.5,77.0,Others,Others,Others,Siddharth,Others,Others,Others,Others,Others,June,Telugu,1
Action,7.3,90.0,Others,Prakash Raj,Others,Nagarjuna Akkineni,Others,Others,K. V. Guhan,Others,Others,February,Tamil,1
Action,6.3,86.0,Harish Shankar,Others,Others,Ravi Teja,Others,S. Thaman,Ram Prasad,Others,Others,January,Telugu,2
Family,5.4,80.0,Others,Others,Others,Siddharth,Shruti Haasan,Others,Others,Others,Others,January,Telugu,2
Romance,6.7,87.0,Others,Dil Raju,Others,Others,Hansika Motwani,Others,Others,Marthand K. Venkatesh,Sri Venkateswara Creations,November,Telugu,0
Comedy,5.9,83.0,Others,Others,Others,Allari Naresh,Others,Others,Others,Others,Others,March,Telugu,6
Action,6.6,84.0,Others,Nagarjuna Akkineni,Others,Nagarjuna Akkineni,Sneha,Others,Shyam K. Naidu,Kotagiri Venkateswara Rao,Annapurna Studios,December,Telugu,0
Comedy,6.1,83.0,Others,Others,Others,Allari Naresh,Others,Vandemataram Srinivas,Others,Kotagiri Venkateswara Rao,Others,May,Telugu,4
Action,7.8,65.0,Others,Others,Others,Others,Others,Harris Jayaraj,Others,Anthony,Others,April,Tamil,0
Action,3.5,75.0,Others,Others,Others,Naga Chaitanya,Others,Others,Others,Others,Others,December,Telugu,6
Comedy,7.1,85.0,Ravi Babu,Ramoji Rao,Others,Others,Others,Shekar Chandra,Sudhakar Reddy,Marthand K Venkatesh,Ushakiran Movies,November,Telugu,1
Action,6.1,91.0,Others,Others,A. R. Murugadoss,Others,Shruti Haasan,Harris Jayaraj,Others,Anthony,Others,October,Tamil,1
Romance,4.6,83.0,V. N. Aditya,Others,Others,Sumanth,Others,Koti,Others,Others,Others,March,Telugu,6
Action,6.0,83.0,Others,Others,Paruchuri Brothers (dialogues),Jagapati Babu,Others,Koti,Others,Kotagiri Venkateswara Rao,Others,December,Telugu,2
Comedy,5.1,83.0,Ram Gopal Varma,Kiran Kumar Koneru,Ram Gopal Varma,Sunil,Others,Koti,Others,Others,Others,February,Telugu,3
Action,2.4,83.0,Others,C. Kalyan,Others,Nandamuri Balakrishna,Others,Mani Sharma,Others,Gautham Raju,Others,January,Telugu,3
Thriller,3.9,83.0,Ram Gopal Varma,Kiran Kumar Koneru,Others,Ravi Teja,Others,Others,Others,Others,Others,March,Telugu,2
Comedy,7.1,83.0,Others,Vishnu Manchu,Others,Others,Others,Mani Sharma,Others,Gautham Raju,24 Frames Factory,February,Telugu,3
Action,6.6,80.0,K. Vijaya Bhaskar,Others,Others,Aadi,Others,Anoop Rubens,Others,Gautham Raju,Others,February,Telugu,5
Comedy,2.5,83.0,V. N. Aditya,D. Ramanaidu,Others,Navdeep,Others,Koti,Others,Others,Suresh Productions,August,Telugu,5
Drama,5.7,83.0,Others,Others,Others,Nikhil Siddharth,Others,Chakri,Others,Gautham Raju,Others,November,Telugu,5
Others,7.1,76.0,Others,Others,Others,Jagapathi Babu,Others,Chakri,Others,Kotagiri Venkateswara Rao,Others,February,Telugu,0
Romance,6.1,83.0,Others,Others,Others,Varun Sandesh,Others,Others,Others,Others,Others,February,Telugu,3
Tollywood,4.4,83.0,Others,Others,Others,Gopichand,Others,Chakri,Others,Shankar,Bhavya Creations,January,Telugu,3
Action,3.2,74.0,Others,Others,Others,Vikram,Others,Yuvan Shankar Raja,R. Madhi,Others,Others,December,Tamil,0
Action,4.6,83.0,Others,Others,Others,Sumanth,Others,Others,Others,Others,Others,August,Telugu,7
Tollywood,6.6,87.0,Others,Others,Others,Nara Rohit,Others,Mani Sharma,Others,Marthand K Venkatesh,Others,November,Telugu,1
Action,6.0,83.0,Others,Others,Others,Jagapathi Babu,Others,M. M. Srilekha,Others,Gautham Raju,Others,March,Telugu,3
Comedy,6.2,84.0,Others,Others,Others,Others,Others,Yuvan Shankar Raja,Arthur A. Wilson,Suresh Urs,Others,June,Tamil,0
Comedy,5.8,77.0,Jayanth C. Paranjee,Bandla Ganesh,Others,Pawan Kalyan,Trisha Krishnan,Mani Sharma,Jayanan Vincent,Others,Others,April,Telugu,2
Romance,6.0,83.0,Others,Others,Others,Others,Others,Mahesh Shankar,Others,Others,Others,January,Telugu,8
Bollywood,7.8,86.0,Others,Others,K. V. Vijayendra Prasad,Others,Others,M. M. Keeravani,K. K. Senthil Kumar,Kotagiri Venkateswara Rao,Varahi Chalana Chitram,July,Telugu,0
Comedy,7.2,92.0,Trivikram Srinivas,S. Radha Krishna,Trivikram Srinivas,Allu Arjun,Ileana D'Cruz,Devi Sri Prasad,Chota K. Naidu,Prawin Pudi,Others,August,Telugu,1
Action,4.4,76.0,Others,R. B. Choudary,Sampath Nandi,Ram Charan,Tamannaah,Mani Sharma,Sameer Reddy,Gautham Raju,Others,April,Telugu,1
Romance,6.4,86.0,Sekhar Kammula,Sekhar Kammula,Sekhar Kammula,Others,Others,Mickey J Meyer,Vijay C. Kumar,Marthand K. Venkatesh,Others,September,Telugu,1
Comedy,7.2,79.0,Harish Shankar,Bandla Ganesh,Others,Pawan Kalyan,Shruti Haasan,Devi Sri Prasad,Jayanan Vincent,Gautham Raju,Parameswara Art Productions,May,Telugu,1
Romance,6.2,88.0,A. Karunakaran,Sravanthi Ravi Kishore,Others,Ram,Tamannaah,Others,Others,Others,Sri Sravanthi Movies,June,Telugu,2
Action,6.9,91.0,Others,Others,Others,Rana Daggubati,Nayantara,Mani Sharma,Others,Others,Others,November,Telugu,0
Action,5.8,84.0,Puri Jagannadh,DVV Danayya,Puri Jagannadh,Pawan Kalyan,Tamannaah,Mani Sharma,Shyam K. Naidu,S. R. Shekhar,Others,October,Telugu,0
Comedy,5.9,79.0,Others,R. R. Venkat,Others,Sunil,Others,Anoop Rubens,Prasad Murella,Kotagiri Venkateswara Rao,Others,February,Telugu,1
Comedy,3.6,80.0,Puri Jagannadh,B. V. S. N. Prasad,Puri Jagannadh,Others,Others,Others,Shyam K. Naidu,S. R. Shekhar,Sri Venkateswara Cine Chitra,August,Telugu,0
Comedy,5.3,83.0,Others,Others,Others,Others,Others,Others,Others,Marthand K. Venkatesh,Others,March,Telugu,1
Action,5.3,78.0,Boyapati Srinu,Others,Others,Others,Trisha Krishnan,M. M. Keeravani,Arthur A. Wilson,Anthony,Others,April,Telugu,1
Others,7.3,78.0,Others,Others,Others,Siddharth,Others,Others,Others,Others,Others,February,Tamil,1
Romance,4.8,79.0,Others,Priyanka Dutt,Others,Ravi Teja,Kajal Aggarwal,Devi Sri Prasad,Vijay C Chakravarthy,Kotagiri Venkateswara Rao,Others,December,Telugu,1
Horror,6.8,78.0,Ravi Babu,Ravi Babu,Others,Others,Others,Others,Sudhakar Reddy,Others,Others,September,Telugu,4
Action,4.1,66.0,Others,Others,Others,Nandamuri Balakrishna,Others,Kalyani Malik,Others,Kotagiri Venkateswara Rao,Others,June,Telugu,1
Romance,7.3,94.0,Others,Others,Others,Nani,Others,Ilaiyaraaja,Others,Anthony,Others,December,Telugu,1
Others,6.2,88.0,Others,Others,Others,Sundeep Kishan,Regina Cassandra,Others,Others,Others,Others,November,Telugu,3
Comedy,3.7,75.0,Gunasekhar,YVS Chowdary,Gunasekhar,Ravi Teja,Others,S. Thaman,Sarvesh Murari,Others,Others,February,Telugu,2
Romance,7.1,90.0,Others,Sai Korrapati,Hanu Raghavapudi,Others,Others,Others,Others,Others,Varahi Chalana Chitram,August,Telugu,1
Action,5.5,78.0,Others,Others,Others,Others,Anushka Shetty,Devi Sri Prasad,Chota K. Naidu,Gautham Raju,Others,November,Telugu,1
Bollywood,3.6,83.0,Others,Others,Others,Srikanth,Others,Chakri,Others,Others,Others,December,Telugu,2
Comedy,5.7,83.0,Bhimaneni Srinivasa Rao,Others,Others,Allari Naresh,Others,Others,Others,Gowtham Raju,Others,August,Telugu,2
Comedy,7.1,85.0,Others,Mohan Babu,Marudhuri Raja (dialogues),Others,Hansika Motwani,Others,Others,M. R. Varma,24 Frames Factory,October,Telugu,1
Action,4.9,83.0,Others,Others,Others,Ravi Teja,Others,Others,Others,Gautham Raju,Others,May,Telugu,0
Drama,7.4,90.0,Others,Others,Others,Others,Others,Others,Others,Others,Others,December,Telugu,2
Tollywood,5.6,83.0,Others,Chanti Addala,Others,Allari Naresh,Others,Koti,Others,Gautham Raju,Others,December,Telugu,1
Comedy,5.2,83.0,Others,Bellamkonda Suresh,Kona Venkat,Venkatesh,Trisha,S. Thaman,Shyam K. Naidu,Gautham Raju,Sri Sai Ganesh Productions,January,Telugu,1
Tollywood,7.1,81.0,K. Raghavendra Rao,Others,Paruchuri Brothers (dialogues),Others,Srikanth,M. M. Keeravani,S. Gopal Reddy,Others,Others,September,Telugu,0
Action,7.9,90.0,Others,Others,Others,Others,Kajal Aggarwal,Harris Jayaraj,Others,A. Sreekar Prasad,Others,November,Tamil,1
Drama,3.6,83.0,Others,Others,Kona Venkat,Rana Daggubati,Genelia D'Souza,Chakri,Others,Others,United Movies,March,Telugu,2
Romance,5.7,85.0,Others,Others,Paruchuri Brothers (dialogues),Others,Others,Others,S. Gopal Reddy,K. V. Krishna Reddy,Others,July,Telugu,2
Comedy,6.7,86.0,Others,Others,Paruchuri Brothers (dialogues),Manoj Manchu,Others,Yuvan Shankar Raja,Others,Others,Others,March,Telugu,1
Drama,5.5,83.0,Others,Lakshmi Manchu,Others,Nandamuri Balakrishna,Others,Others,Others,Others,Others,July,Telugu,1
Drama,4.6,83.0,Others,Others,Others,Nandamuri Balakrishna,Others,Chakri,Others,Gautham Raju,Others,August,Telugu,3
Comedy,3.2,83.0,Others,Others,Others,Others,Others,Others,Others,Marthand K. Venkatesh,Others,December,Telugu,3
Others,7.1,81.0,Others,Others,Others,Others,Others,Others,Others,Others,Others,December,Tamil,1
Thriller,6.4,83.0,Others,Others,Others,Navdeep,Sadha,Others,Others,Others,Others,November,Telugu,2
Comedy,6.9,83.0,Others,Others,Others,Others,Regina Cassandra,Others,Others,Others,Others,February,Telugu,2
Romance,5.5,82.0,Others,R. R. Venkat,Others,Aadi,Others,Anoop Rubens,Others,Others,Others,March,Telugu,2
Comedy,3.5,83.0,Others,Others,Others,Sharwanand,Others,Others,Others,Others,Others,December,Telugu,5
Drama,8.1,83.0,Others,Others,Others,Rajendra Prasad,Kalyani,Koti,Hari Anumolu,Gautham Raju,Others,June,Telugu,1
Action,6.3,77.0,Others,Others,Others,Others,Others,Yuvan Shankar Raja,Others,Suresh Urs,Others,July,Tamil,0
Tollywood,6.0,81.0,Others,Others,Others,Others,Others,Others,Others,Others,Others,December,Telugu,3
Comedy,7.6,87.0,Others,Dil Raju,Srikanth Addala,Others,Others,Mickey J Meyer,K. V. Guhan,Marthand K. Venkatesh,Sri Venkateswara Creations,January,Telugu,0
Comedy,7.2,84.0,Trivikram Srinivas,B. V. S. N. Prasad,Trivikram Srinivas,Pawan Kalyan,Others,Devi Sri Prasad,Prasad Murella,Prawin Pudi,Sri Venkateswara Cine Chitra,September,Telugu,1
Action,7.2,85.0,Others,V. Vamsi Krishna Reddy,Koratala Siva,Prabhas,Others,Devi Sri Prasad,Others,Kotagiri Venkateswara Rao,UV Creations,February,Telugu,1
Comedy,6.5,83.0,Others,Bandla Ganesh,Others,N. T. Rama Rao Jr.,Kajal Aggarwal,S. Thaman,K. V. Guhan,M. R. Varma,Parameswara Art Productions,April,Telugu,1
Action,5.5,84.0,V. V. Vinayak,DVV Danayya,Others,Ram Charan,Kajal Aggarwal,S. Thaman,Chota K. Naidu,Gautham Raju,Others,January,Telugu,1
Drama,7.2,74.0,Others,Others,Others,Nitin,Others,Anoop Rubens,Others,Prawin Pudi,Others,April,Telugu,1
Horror,7.2,88.0,Others,Others,Others,Others,Others,Others,Others,Others,Others,June,Telugu,2
Action,6.6,84.0,Chandra Sekhar Yeleti,B. V. S. N. Prasad,Others,Gopichand,Others,Others,Others,Others,Sri Venkateswara Cine Chitra,July,Telugu,1
Others,7.4,92.0,Others,Others,Others,Nikhil Siddharth,Others,Others,Others,Others,Others,March,Telugu,2
Comedy,5.6,88.0,Puri Jagannadh,Bandla Ganesh,Others,Allu Arjun,Others,Devi Sri Prasad,Others,Others,Parameswara Art Productions,May,Telugu,2
Action,6.1,87.0,Others,Others,Kona Venkat,Ravi Teja,Shruti Haasan,S. Thaman,Jayanan Vincent,Gautham Raju,Others,June,Telugu,1
Comedy,7.1,90.0,Others,Others,Others,Sundeep Kishan,Rakul Preet Singh,Ramana Gogula,Chota K. Naidu,Gautham Raju,Anandi Art Creations,November,Telugu,2
Drama,5.2,75.0,Harish Shankar,Dil Raju,Others,N. T. Rama Rao Jr.,Samantha Ruth Prabhu,S. Thaman,Chota K. Naidu,Gautham Raju,Sri Venkateswara Creations,October,Telugu,1
Romance,7.3,85.0,Others,Daggubati Suresh Babu,Others,Others,Others,Others,Others,Marthand K. Venkatesh,Others,December,Telugu,1
Action,5.7,80.0,Others,Others,Others,Naga Chaitanya,Others,S. Thaman,Arthur A. Wilson,Gautham Raju,Sri Sai Ganesh Productions,May,Telugu,1
Action,3.2,74.0,Others,Others,Others,Others,Others,Songs:,Others,Others,Others,September,Hindi,0
Tollywood,3.4,75.0,Others,Others,Others,Nagarjuna Akkineni,Others,Devi Sri Prasad,Sameer Reddy,Others,Annapurna Studios,October,Telugu,0
Comedy,6.4,59.0,Others,Others,Others,Manoj Manchu,Others,Others,Others,Others,Others,September,Telugu,1
Comedy,7.6,86.0,Others,Mohan Babu,Others,Others,Others,Mani Sharma,Sarvesh Murari,Marthand K. Venkatesh,24 Frames Factory,October,Telugu,2
Comedy,5.3,74.0,Others,Others,Others,Allari Naresh,Others,Others,Others,Others,Others,July,Telugu,1
Comedy,5.2,83.0,Others,N. V. Prasad,Others,Sunil,Others,S. A. Rajkumar,Sameer Reddy,Nandamuri Hari,Others,March,Telugu,4
Comedy,7.1,87.0,Others,Others,Others,Others,Others,Others,Karthik Ghattamaneni,Others,Others,December,Telugu,3
Drama,7.9,86.0,Others,Others,Others,Chiranjeevi,Others,Others,S. Gopal Reddy,Gautham Raju,Others,August,Telugu,1
Others,4.7,75.0,Others,Others,Others,Nagarjuna Akkineni,Nayantara,S. Thaman,Others,Marthand K. Venkatesh,Others,May,Telugu,0
Action,5.3,83.0,Others,Others,Others,Nandamuri Kalyan Ram,Others,Others,Others,Gowtham Raju,Others,July,Telugu,3
Drama,5.6,81.0,Others,Others,Others,Aadi,Others,Anoop Rubens,Others,Others,Others,May,Telugu,3
Romance,5.3,64.0,Others,Lakshmi Manchu,Others,Others,Others,Ilaiyaraaja,Others,Others,Others,March,Telugu,3
Tollywood,5.8,83.0,Others,Others,Others,Varun Sandesh,Others,Others,Others,Others,Others,February,Telugu,6
Tollywood,6.1,72.0,Others,Others,Others,Others,Others,Anoop Rubens,Others,Others,Others,August,Telugu,4
Tollywood,4.8,83.0,Others,Others,Others,Others,Others,Anoop Rubens,Others,Kotagiri Venkateswara Rao,Others,March,Telugu,3
Romance,6.5,83.0,Mohan Krishna Indraganti,Others,Others,Others,Others,Kalyani Malik,Others,Marthand K. Venkatesh,Others,August,Telugu,3
Action,5.6,83.0,Others,Others,Others,Others,Others,Others,Others,Others,Others,December,Telugu,3
Action,5.6,83.0,Others,Others,Chintapalli Ramana,Nara Rohit,Others,Others,Others,Marthand K. Venkatesh,Others,February,Telugu,2
Comedy,5.1,83.0,Others,Others,Others,Allari Naresh,Others,Others,Sarvesh Murari,Others,Others,June,Telugu,3
Tollywood,3.8,83.0,Others,D. Ramanaidu,Others,Others,Others,M. M. Srilekha,Others,Others,Suresh Productions,November,Telugu,4
Bollywood,5.9,77.0,Ram Gopal Varma,Others,Others,Others,Others,Others,Others,Others,Others,October,Hindi,2
Drama,6.0,58.0,Others,Others,Janardhan Maharshi,Others,Others,Others,Others,Others,Others,June,Telugu,3
Romance,5.5,83.0,Others,Others,Others,Others,Others,Sunil Kashyap,Others,Dharmendra Kakarala,Others,March,Telugu,3
Drama,4.4,58.0,Others,Prakash Raj,Others,Others,Others,S. Thaman,Others,Others,Others,April,Telugu,2
Romance,6.0,83.0,Others,Others,Others,Others,Others,Others,Others,Others,Others,August,Telugu,4
Thriller,2.5,83.0,Others,Others,Others,Others,Others,Others,Others,Others,Others,February,Telugu,2
Tollywood,6.0,83.0,Others,Others,Others,Uday Kiran,Others,Others,Others,Others,Others,April,Telugu,6
Comedy,6.2,84.0,Others,Others,Others,Siddharth,Others,Others,Others,Others,Others,June,Tamil,0
Romance,6.0,83.0,Others,Others,Others,Varun Sandesh,Others,Others,Others,Others,Others,June,Telugu,8
Comedy,5.7,83.0,Others,Others,Others,Varun Sandesh,Others,Mahesh Shankar,Others,Others,Others,December,Telugu,3
Comedy,7.2,89.0,Surender Reddy,Others,Others,Allu Arjun,Shruti Haasan,S. Thaman,Others,Gautham Raju,Sri Lakshmi Narasimha Productions,April,Telugu,1
Comedy,8.4,95.0,Sukumar,Ram Achanta,Sukumar,Mahesh Babu,Others,Devi Sri Prasad,R. Rathnavelu,Others,14 Reels Entertainment,January,Telugu,1
Action,7.4,89.0,Others,Others,Others,Nikhil Siddharth,Others,Shekar Chandra,Karthik Ghattamaneni,Others,Others,October,Telugu,1
Comedy,8.1,87.0,Others,Others,Others,Others,Others,Anup Rubens,P. S. Vinod,Prawin Pudi,Annapurna Studios,May,Telugu,0
Comedy,5.5,78.0,Srinu Vaitla,Ram Achanta,Anil Ravipudi,Mahesh Babu,Tamannaah,S. Thaman,K. V. Guhan,M. R. Varma,14 Reels Entertainment,September,Telugu,1
Drama,7.5,85.0,Others,Others,Others,Nara Rohit,Others,Others,Others,Others,Others,April,Telugu,1
Comedy,7.8,88.0,Others,Sai Korrapati,Others,Others,Others,Others,Others,Others,Varahi Chalana Chitram,June,Telugu,1
Action,5.3,83.0,Others,Dil Raju,Others,Ram Charan,Others,Devi Sri Prasad,Ram Prasad,Marthand K. Venkatesh,Sri Venkateswara Creations,January,Telugu,0
Drama,7.1,81.0,Others,Others,Others,Others,Others,Mickey J Meyer,Others,Dharmendra Kakarala,Others,April,Telugu,3
Drama,8.3,87.0,Others,Daggubati Suresh Babu,Paruchuri Brothers,Others,Others,Others,S. Gopal Reddy,Marthand K. Venkatesh,Suresh Productions,July,Telugu,0
Comedy,6.1,85.0,Others,Others,Others,Naga Chaitanya,Others,Anoop Rubens,Others,Prawin Pudi,Annapurna Studios,October,Telugu,1
Action,6.6,77.0,Boyapati Srinu,Ram Achanta,M. Ratnam (dialogues),Nandamuri Balakrishna,Others,Others,Others,Kotagiri Venkateswara Rao,14 Reels Entertainment,March,Telugu,0
Action,5.1,73.0,Others,Bellamkonda Suresh,Others,N. T. Rama Rao Jr.,Samantha Ruth Prabhu,S. Thaman,Shyam K. Naidu,Kotagiri Venkateswara Rao,Sri Lakshmi Narasimha Productions,August,Telugu,1
Horror,2.5,83.0,Ram Gopal Varma,Others,Ram Gopal Varma,Others,Others,Others,Others,Others,Others,November,Telugu,3
Comedy,6.6,83.0,Others,V. Anand Prasad,Others,Gopichand,Rakul Preet Singh,Anoop Rubens,Others,Others,Bhavya Creations,September,Telugu,0
Family,5.6,82.0,Krishna Vamsi,Bandla Ganesh,Krishna Vamsi,Ram Charan,Srikanth,Yuvan Shankar Raja,Sameer Reddy,Others,Parameswara Art Productions,October,Telugu,1
Thriller,5.6,79.0,Sekhar Kammula,Others,Others,Others,Others,M. M. Keeravani,Vijay C. Kumar,Marthand K. Venkatesh,Others,May,Telugu,1
Comedy,7.5,90.0,Others,V. Vamsi Krishna Reddy,Others,Sharwanand,Others,Others,R. Madhi,Madhu,UV Creations,August,Telugu,1
Action,6.1,87.0,Others,Others,Others,Others,Regina Cassandra,Anoop Rubens,Others,Gautham Raju,Others,November,Telugu,0
Comedy,6.1,82.0,Others,Others,Others,Nani,Others,Others,Others,Others,Others,February,Tamil,1
Action,5.8,78.0,Others,Others,Deva Katta,Naga Chaitanya,Samantha Ruth Prabhu,Anoop Rubens,Others,Gautham Raju,Others,June,Telugu,1
Action,7.1,94.0,Others,Others,Others,Others,Others,Others,Others,Others,Others,November,Telugu,4
Action,4.2,86.0,V. V. Vinayak,Bellamkonda Suresh,Kona Venkat,Others,Samantha Ruth Prabhu,Devi Sri Prasad,Chota K. Naidu,Gautham Raju,Sri Lakshmi Narasimha Productions,July,Telugu,1
Comedy,5.8,57.0,Others,Others,Others,Others,Others,Others,Others,Others,Others,April,Telugu,1
Comedy,4.5,79.0,Others,Daggubati Suresh Babu,Others,Sunil,Others,Anoop Rubens,Others,Marthand K. Venkatesh,Suresh Productions,February,Telugu,1
Action,5.6,79.0,Others,Others,Srikanth Addala,Others,Others,Mickey J Meyer,Others,Marthand K. Venkatesh,Others,December,Telugu,1
Romance,5.7,73.0,Others,Others,Others,Others,Regina Cassandra,Others,Others,Others,Geetha Arts,May,Telugu,3
Horror,6.5,83.0,Others,Others,Kona Venkat,Others,Others,Others,Sai Sriram,Others,Others,August,Telugu,2
Comedy,6.1,78.0,Others,Others,Others,Others,Others,Others,Others,S. R. Shekhar,24 Frames Factory,October,Telugu,0
Romance,5.2,78.0,A. Karunakaran,Others,Others,Others,Others,Anoop Rubens,Others,Prawin Pudi,Others,December,Telugu,1
Thriller,7.3,83.0,Others,Others,Others,Others,Others,Others,Others,Others,Others,October,Telugu,3
Thriller,7.6,83.0,Ram Gopal Varma,Vishnu Manchu,Ram Gopal Varma,Others,Others,Others,Others,Others,24 Frames Factory,September,Telugu,3
Comedy,7.3,83.0,Others,Others,Others,Others,Others,Others,Others,Others,Others,November,Telugu,5
Family,7.4,83.0,S. V. Krishna Reddy,Others,Others,Others,Others,S. V. Krishna Reddy,Others,Others,Others,November,Telugu,6
Action,5.5,84.0,Others,Others,Others,Sundeep Kishan,Regina Cassandra,Others,Sai Sriram,Marthand K. Venkatesh,Others,July,Telugu,1
Action,6.1,83.0,Others,Others,Others,Allari Naresh,Others,Shekar Chandra,Others,Gowtham Raju,Others,November,Telugu,3
Comedy,5.2,83.0,Ravi Babu,Others,Others,Allari Naresh,Others,Chakri,Sudhakar Reddy,Others,Others,April,Telugu,5
Romance,5.6,83.0,Others,Others,Puri Jagannadh,Others,Others,Sunil Kashyap,P.G. Vinda,Others,Others,October,Telugu,4
Comedy,6.6,87.0,Others,Others,Others,Sundeep Kishan,Others,Others,Others,Others,Others,November,Telugu,2
Action,5.2,84.0,Puri Jagannadh,Puri Jagannadh,Puri Jagannadh,Others,Others,Anup Rubens,Others,S. R. Shekhar,Others,January,Telugu,1
Comedy,7.7,89.0,Others,Prakash Raj,Others,Others,Sneha,Ilaiyaraaja,Others,Others,Others,June,Tamil,1
Horror,4.6,83.0,Ram Gopal Varma,Others,Ram Gopal Varma,Navdeep,Others,Others,Others,Others,Others,July,Telugu,2
Comedy,6.7,91.0,Others,Others,Others,Aadi,Others,Anup Rubens,Others,Others,Others,May,Telugu,1
Action,6.8,88.0,Others,Others,Others,Others,Others,Others,Others,Others,Others,November,Tamil,1
Action,6.6,78.0,Others,Others,Others,Others,Others,A. R. Rahman,Others,Others,Others,May,Tamil,1
Action,7.4,85.0,Puri Jagannadh,Bandla Ganesh,Vakkantham Vamsi,N. T. Rama Rao Jr.,Kajal Aggarwal,Songs:,Shyam K. Naidu,Others,Parameswara Art Productions,February,Telugu,1
Action,8.2,78.0,Others,Others,K. V. Vijayendra Prasad,Prabhas,Others,M. M. Keeravani,K. K. Senthil Kumar,Kotagiri Venkateswara Rao,Others,July,Telugu,0
Action,7.6,88.0,Others,Others,Koratala Siva,Mahesh Babu,Shruti Haasan,Devi Sri Prasad,R. Madhi,Kotagiri Venkateswara Rao,Others,August,Telugu,1
Comedy,7.9,90.0,Others,V. Vamsi Krishna Reddy,Others,Nani,Others,Gopi Sunder,Others,Others,UV Creations,September,Telugu,0
Comedy,6.1,83.0,Harish Shankar,Dil Raju,Others,Others,Regina Cassandra,Mickey J Meyer,Others,Gautham Raju,Others,September,Telugu,0
Comedy,7.6,83.0,Others,Daggubati Suresh Babu,Others,Pawan Kalyan,Others,Anoop Rubens,Jayanan Vincent,Gautham Raju,Suresh Productions,January,Telugu,1
Action,6.7,90.0,Trivikram Srinivas,S. Radha Krishna,Trivikram Srinivas,Allu Arjun,Others,Others,Prasad Murella,Prawin Pudi,Others,April,Telugu,2
Action,8.2,90.0,Others,Others,Others,Others,Others,Others,Others,Others,Others,October,Telugu,1
Romance,7.8,84.0,Others,Others,Sukumar,Others,Others,Devi Sri Prasad,R. Rathnavelu,Others,Others,November,Telugu,1
Comedy,7.7,95.0,Others,Priyanka Dutt,Others,Nani,Others,Others,Others,Others,Others,March,Telugu,4
Romance,5.5,90.0,Others,Others,Others,Sharwanand,Others,Others,Others,Kotagiri Venkateswara Rao,Others,February,Telugu,1
Action,6.2,82.0,Gunasekhar,Others,Gunasekhar,Anushka Shetty,Others,Ilaiyaraaja,Others,Sreekar Prasad,Others,October,Telugu,1
Others,6.5,91.0,Others,Dil Raju,Others,Others,Others,Mickey J Meyer,Vijay C Chakravarthy,Madhu,Sri Venkateswara Creations,June,Telugu,3
Action,6.8,74.0,Others,Nandamuri Kalyan Ram,Anil Ravipudi,Nandamuri Kalyan Ram,Others,Sai Karthik,Sarvesh Murari,Others,N.T.R. Arts,January,Telugu,1
Drama,3.9,74.0,V. V. Vinayak,Others,Kona Venkat (dialogues),Others,Others,Songs:,Others,Gautham Raju,Others,November,Telugu,1
Action,5.1,83.0,Others,Others,Sampath Nandi,Ravi Teja,Tamannaah,Others,Others,Gautham Raju,Others,December,Telugu,0
Comedy,5.5,83.0,Others,Sravanthi Ravi Kishore,Others,Ram,Others,Devi Sri Prasad,Others,Others,Sri Sravanthi Movies,October,Telugu,5
Comedy,5.5,86.0,Others,DVV Danayya,Others,Ram Charan,Rakul Preet Singh,S. Thaman,Others,M. R. Varma,Others,October,Telugu,1
Action,6.1,84.0,Others,B. V. S. N. Prasad,Others,Naga Chaitanya,Others,Others,Others,Others,Sri Venkateswara Cine Chitra,April,Telugu,2
Comedy,7.5,94.0,Others,Others,Others,Others,Others,Others,Others,Others,Others,October,Telugu,3
Action,5.5,86.0,Others,Others,Others,Ram,Rakul Preet Singh,S. Thaman,Arthur A. Wilson,Others,United Movies,May,Telugu,2
Action,5.9,77.0,Others,Others,Others,Others,Others,Others,Others,M.R. Varma,Others,June,Telugu,3
Action,5.1,79.0,Puri Jagannadh,C. Kalyan,Puri Jagannadh,Others,Others,Sunil Kashyap,P.G. Vinda,Others,Others,December,Telugu,1
Comedy,5.3,76.0,Surender Reddy,Nandamuri Kalyan Ram,Vakkantham Vamsi,Ravi Teja,Rakul Preet Singh,S. Thaman,Others,Gautham Raju,N.T.R. Arts,August,Telugu,1
Horror,5.3,72.0,Ravi Babu,Ravi Babu,Others,Others,Others,Shekar Chandra,Others,Others,Others,April,Telugu,4
Action,5.5,77.0,Others,Others,Others,Gopichand,Others,Others,Others,Others,UV Creations,March,Telugu,1
Comedy,5.6,86.0,Others,Prasad V Potluri,Others,Anushka Shetty,Others,M. M. Keeravani,Others,Prawin Pudi,Others,November,Telugu,0
Horror,4.9,72.0,Others,Others,Others,Others,Others,Sai Karthik,Others,Others,Varahi Chalana Chitram,October,Telugu,3
Comedy,5.2,82.0,Others,Others,Kona Venkat,Nikhil Siddharth,Others,Others,Sai Sriram,Others,Others,December,Telugu,2
Comedy,7.4,83.0,Others,Others,Others,Navdeep,Others,Sai Karthik,Others,Others,Others,February,Telugu,5
Comedy,5.4,83.0,Mohan Krishna Indraganti,Others,Others,Allari Naresh,Others,Kalyani Malik,P.G. Vinda,Dharmendra Kakarala,E. V .V. Cinema,February,Telugu,3
Action,6.8,88.0,Others,Others,Others,Nikhil Siddharth,Others,Others,Karthik Ghattamaneni,Others,Others,March,Telugu,3
Action,7.1,91.0,Others,Others,Others,Others,Others,Others,Others,Others,Others,December,Others,7
Others,4.3,14.0,Others,Others,Others,Others,Others,Others,Others,Others,Others,February,Telugu,3
Action,3.6,74.0,Others,V. Anand Prasad,Others,Gopichand,Regina Cassandra,Anoop Rubens,Prasad Murella,Gautham Raju,Bhavya Creations,December,Telugu,1
Romance,7.4,94.0,Others,Others,Others,Others,Others,Others,Others,Others,Others,June,Telugu,3
Action,5.6,70.0,Others,Others,Others,Nitin,Others,Others,Others,Others,Others,September,Telugu,2
Action,6.4,86.0,Others,Others,Others,Others,Others,Others,Others,Others,Others,March,Telugu,3
Action,5.1,72.0,Others,Others,Others,Nandamuri Kalyan Ram,Others,S. Thaman,Sarvesh Murari,Others,Others,October,Telugu,4
Comedy,5.5,83.0,Others,Vishnu Manchu,Others,Allari Naresh,Others,Others,Others,Others,24 Frames Factory,December,Telugu,6
Action,4.8,66.0,Others,Others,Others,Others,Others,Devi Sri Prasad,Others,A. Sreekar Prasad,Others,October,Tamil,1
Comedy,6.0,83.0,Others,Others,Others,Sundeep Kishan,Others,S. Thaman,Chota K. Naidu,Marthand K. Venkatesh,Ushakiran Movies,January,Telugu,2
Comedy,8.1,87.0,Others,Prasad V Potluri,Others,Others,Others,Gopi Sunder,P. S. Vinod,Madhu,Others,March,Telugu,1
Action,7.7,89.0,Sukumar,B. V. S. N. Prasad,Others,N. T. Rama Rao Jr.,Rakul Preet Singh,Devi Sri Prasad,Vijay C Chakravarthy,Others,Sri Venkateswara Cine Chitra,January,Telugu,1
Comedy,8.4,94.0,Others,Others,Others,Others,Others,Others,Others,Others,Others,July,Telugu,1
Comedy,7.1,69.0,Others,S. Radha Krishna,Others,Others,Samantha Ruth Prabhu,Mickey J Meyer,Others,Kotagiri Venkateswara Rao,Others,June,Telugu,1
Comedy,7.1,85.0,Others,V. Vamsi Krishna Reddy,Others,Sharwanand,Others,Others,Karthik Ghattamaneni,Others,UV Creations,January,Telugu,1
Action,7.4,85.0,Others,Others,Koratala Siva,Others,Others,Devi Sri Prasad,Others,Kotagiri Venkateswara Rao,Others,September,Telugu,1
Action,8.2,91.0,Surender Reddy,Allu Aravind,Others,Ram Charan,Others,Others,P. S. Vinod,Others,Geetha Arts,December,Telugu,0
Thriller,8.3,91.0,Others,Others,Others,Others,Others,Others,Others,Others,Others,February,Telugu,1
Action,6.3,87.0,Boyapati Srinu,Allu Aravind,Others,Allu Arjun,Others,S. Thaman,Others,Others,Geetha Arts,April,Telugu,0
Comedy,7.1,91.0,Mohan Krishna Indraganti,Sivalenka Krishna Prasad,Others,Nani,Others,Mani Sharma,Others,Marthand K. Venkatesh,Others,June,Telugu,1
Comedy,7.1,89.0,Others,Sravanthi Ravi Kishore,Others,Others,Others,Devi Sri Prasad,Sameer Reddy,Sreekar Prasad,Sri Sravanthi Movies,January,Telugu,1
Comedy,6.8,81.0,Others,Others,Others,Naga Chaitanya,Shruti Haasan,Gopi Sunder,Karthik Ghattamaneni,Kotagiri Venkateswara Rao,Others,October,Telugu,1
Comedy,5.7,69.0,Others,Others,Others,Others,Others,Others,Others,Others,Others,March,Telugu,2
Action,6.4,81.0,Others,Akkineni Nagarjuna,Others,Others,Others,Anup Rubens,P. S. Vinod,Prawin Pudi,Annapurna Studios,January,Telugu,1
Comedy,7.6,90.0,Others,Ram Achanta,Hanu Raghavapudi,Nani,Others,Others,Others,Others,14 Reels Entertainment,February,Telugu,1
Comedy,7.8,89.0,Others,Others,Others,Others,Others,Others,Others,Others,Others,November,Telugu,1
Action,6.1,88.0,Others,Others,Others,Sundeep Kishan,Others,Mickey J Meyer,Chota K. Naidu,Gautham Raju,Others,June,Telugu,2
Action,4.6,62.0,Others,Others,Srikanth Addala,Mahesh Babu,Samantha Ruth Prabhu,Others,R. Rathnavelu,Kotagiri Venkateswara Rao,Others,May,Telugu,1
Horror,7.6,93.0,Others,Others,Others,Nikhil Siddharth,Others,Shekar Chandra,Sai Sriram,Others,Others,November,Telugu,1
Comedy,4.4,85.0,Others,Others,Others,Others,Others,Gopi Sunder,Others,Others,Others,January,Telugu,2
Comedy,6.8,85.0,Others,Others,Others,Others,Others,Others,Others,Others,Others,March,Telugu,2
Action,5.1,72.0,Others,Others,Others,Pawan Kalyan,Kajal Aggarwal,Devi Sri Prasad,Arthur A. Wilson,Gautham Raju,Others,April,Telugu,0
Action,7.6,82.0,Others,Others,Others,Others,Others,Others,Others,Others,Others,March,Tamil,1
Comedy,7.8,83.0,Chandra Sekhar Yeleti,Sai Korrapati,Others,Others,Others,Mahesh Shankar,Others,Others,Varahi Chalana Chitram,August,Telugu,1
Comedy,5.2,77.0,Others,Dil Raju,Others,Sunil,Others,Others,Others,Others,Sri Venkateswara Creations,February,Telugu,5
Action,7.5,88.0,Ram Gopal Varma,Others,Others,Others,Others,Others,Others,Others,Others,January,Kannada,0
Comedy,7.7,90.0,Others,Others,Others,Others,Others,Sai Karthik,Others,M.R. Varma,Others,April,Telugu,0
Action,4.8,68.0,Others,Others,Others,Aadi,Others,Others,Others,Madhu,Others,February,Telugu,1
Action,8.1,97.0,Others,Others,Others,Others,Others,Sai Karthik,Others,Kotagiri Venkateswara Rao,Others,December,Telugu,3
Romance,7.5,80.0,Others,Others,Others,Others,Regina Cassandra,Others,Others,Others,Others,March,Telugu,4
Comedy,5.2,85.0,Others,Others,Others,Others,Others,Sunil Kashyap,Others,Dharmendra Kakarala,Others,June,Telugu,0
Thriller,7.8,83.0,Others,Prakash Raj,Others,Others,Priyamani,Ilaiyaraaja,Others,Sreekar Prasad,Others,October,Kannada,1
Comedy,6.6,82.0,Others,Sai Korrapati,Others,Nara Rohit,Others,Others,Others,Others,Varahi Chalana Chitram,September,Telugu,1
Comedy,4.7,84.0,Bhimaneni Srinivasa Rao,Others,Others,Others,Others,Others,Others,Gowtham Raju,Others,February,Telugu,2
Comedy,6.6,87.0,Others,Others,Others,Nani,Others,Gopi Sunder,Others,Prawin Pudi,Anandi Art Creations,September,Telugu,1
Comedy,5.5,83.0,Others,Others,Others,Others,Others,M. M. Keeravani,Others,Kotagiri Venkateswara Rao,Others,January,Telugu,3
Romance,7.4,90.0,Others,Others,Others,Naga Chaitanya,Others,A. R. Rahman,Others,Anthony,Others,November,Telugu,2
Horror,5.3,77.0,Others,Others,Others,Others,Tamannaah,Others,Others,Anthony,Others,October,Tamil,1
Comedy,5.5,79.0,Others,Others,Darling Swamy (dialogues),Venkatesh,Others,Others,Others,Others,Others,August,Telugu,0
Comedy,5.9,81.0,Others,Others,Others,Aadi,Others,S. Thaman,Others,Others,Others,August,Telugu,1
Romance,6.2,86.0,Others,Others,Others,Others,Others,Ilaiyaraaja,Others,Others,Others,January,Telugu,2
Action,7.5,83.0,Others,Others,Others,Srikanth,Others,Others,Others,Others,Others,February,Telugu,2
Comedy,7.1,35.0,Others,Others,Darling Swamy (dialogues),Others,Others,Others,Others,Others,Others,June,Telugu,2
Action,5.2,74.0,Others,Others,Others,Nara Rohit,Regina Cassandra,Sai Karthik,Others,Others,Others,October,Telugu,4
Horror,6.0,83.0,Others,Others,Others,Others,Others,R. P. Patnaik,Others,Others,Others,March,Telugu,5
Action,5.6,86.0,Puri Jagannadh,Nandamuri Kalyan Ram,Puri Jagannadh,Nandamuri Kalyan Ram,Others,Anup Rubens,Others,Others,Others,October,Telugu,1
Comedy,5.5,86.0,Others,Ram Achanta,Abburi Ravi (dialogues),Others,Others,Songs:,Sameer Reddy,Gautham Raju,14 Reels Entertainment,September,Telugu,1
Horror,7.1,71.0,Others,Others,Others,Others,Others,Others,Others,Others,Others,January,Kannada,3
Action,6.1,84.0,Others,Sai Korrapati,Others,Nara Rohit,Others,Sai Karthik,Others,Others,Others,April,Telugu,4
Action,8.7,95.0,Others,Others,Others,Others,Others,Others,Others,Others,Others,August,Telugu,1
Comedy,5.4,85.0,Harish Shankar,Dil Raju,Others,Allu Arjun,Others,Devi Sri Prasad,Others,Others,Sri Venkateswara Creations,June,Telugu,0
Comedy,2.5,88.0,Others,Dil Raju,Others,Others,Others,Devi Sri Prasad,Sameer Reddy,Others,Others,December,Telugu,0
Action,6.4,86.0,Others,Dil Raju,Others,Nani,Others,Devi Sri Prasad,Others,Others,Others,February,Telugu,2
Romance,7.8,88.0,Others,Dil Raju,Others,Others,Others,Songs:,Vijay C. Kumar,Marthand K. Venkatesh,Sri Venkateswara Creations,July,Telugu,0
Action,7.6,88.0,Others,Nandamuri Kalyan Ram,Others,N. T. Rama Rao Jr.,Others,Devi Sri Prasad,Chota K. Naidu,Kotagiri Venkateswara Rao,N.T.R. Arts,September,Telugu,1
Action,3.6,69.0,Others,Others,Others,Nara Rohit,Regina Cassandra,Mani Sharma,Vijay C. Kumar,Kotagiri Venkateswara Rao,Others,November,Telugu,1
Comedy,7.4,93.0,Others,Others,Others,Others,Others,Others,Others,Others,Others,November,Telugu,6
Action,5.8,87.0,Others,Ram Achanta,Hanu Raghavapudi,Others,Others,Mani Sharma,Others,S. R. Shekhar,14 Reels Entertainment,August,Telugu,1
Action,3.5,86.0,Others,Nagarjuna Akkineni,Others,Others,Others,Anup Rubens,P. S. Vinod,Prawin Pudi,Annapurna Studios,December,Telugu,1
Romance,7.2,86.0,Others,Dil Raju,Others,Sharwanand,Others,Others,Sameer Reddy,Madhu,Sri Venkateswara Creations,January,Telugu,0
Action,5.8,85.0,Others,Nagarjuna Akkineni,Others,Others,Rakul Preet Singh,Devi Sri Prasad,Others,Gautham Raju,Others,May,Telugu,0
Comedy,7.6,93.0,Others,DVV Danayya,Others,Nani,Others,Gopi Sunder,Karthik Ghattamaneni,Prawin Pudi,Others,July,Telugu,0
Action,7.2,83.0,Others,N. V. Prasad,Others,Mahesh Babu,Others,Harris Jayaraj,Others,A. Sreekar Prasad,Others,September,Telugu,1
Action,6.8,79.0,Others,Others,Others,Nandamuri Balakrishna,Shriya Saran,Others,Others,Others,Others,January,Telugu,0
Action,7.7,94.0,Others,Others,Others,Rana Daggubati,Others,Others,R. Madhi,A. Sreekar Prasad,Others,February,Telugu,0
Comedy,3.5,85.0,Others,V. Vamsi Krishna Reddy,Others,Sharwanand,Others,S. Thaman,Others,Kotagiri Venkateswara Rao,UV Creations,September,Telugu,1
Action,5.8,88.0,Teja,D. Suresh Babu,Teja,Rana Daggubati,Kajal Aggarwal,Anoop Rubens,Others,Kotagiri Venkateswara Rao,Suresh Productions,August,Telugu,1
Action,3.5,93.0,Others,Others,Others,Others,Others,Others,Others,Dharmendra Kakarala,Others,November,Telugu,2
Comedy,6.3,79.0,V.V. Vinayak,Others,Paruchuri Brothers,Chiranjeevi,Kajal Aggarwal,Devi Sri Prasad,R. Rathnavelu,Gowtham Raju,Others,January,Telugu,0
Horror,5.2,88.0,Others,Prasad V Potluri,Abburi Ravi (dialogues),Nagarjuna Akkineni,Others,S. Thaman,Others,Madhu,Others,October,Telugu,0
Action,6.1,81.0,Others,Others,Others,Pawan Kalyan,Shruti Haasan,Anup Rubens,Prasad Murella,Gautham Raju,Others,March,Telugu,1
Action,3.5,73.0,Puri Jagannadh,V. Anand Prasad,Puri Jagannadh,Nandamuri Balakrishna,Shriya Saran,Anup Rubens,Others,Others,Others,September,Telugu,1
Action,6.4,88.0,Others,Others,Sampath Nandi,Gopichand,Hansika Motwani,S. Thaman,Others,Gautham Raju,Others,July,Telugu,1
Action,8.5,95.0,Others,Others,Others,Others,Rakul Preet Singh,Others,Others,Others,Others,November,Tamil,1
Horror,5.5,77.0,Others,Others,Others,Others,Others,Others,Others,Others,Others,March,Tamil,2
Action,5.3,87.0,Others,Others,Others,Others,Others,Others,Others,Others,Others,November,Tamil,2
Romance,8.4,96.0,Others,Others,Others,Sumanth,Others,Others,Others,Others,Others,December,Telugu,5
Comedy,6.7,89.0,Others,Others,Others,Others,Others,Mani Sharma,Others,Marthand K. Venkatesh,Others,June,Telugu,1
Horror,7.1,93.0,Others,Others,Others,Siddharth,Others,Others,Others,Others,Others,November,Tamil,1
Action,3.5,70.0,Krishna Vamsi,Others,Krishna Vamsi,Sundeep Kishan,Regina Cassandra,Others,Others,Others,Others,August,Telugu,3
Action,6.7,91.0,Others,Dil Raju,Anil Ravipudi,Ravi Teja,Others,Sai Karthik,Others,Others,Sri Venkateswara Creations,October,Telugu,1
Action,3.5,84.0,Others,Others,Others,Others,Others,S. Thaman,K. V. Guhan,S. R. Shekhar,Others,December,Telugu,2
Action,6.6,83.0,Others,Others,Others,Others,Anushka Shetty,Harris Jayaraj,Others,V. T. Vijayan,Others,February,Tamil,1
Comedy,5.9,84.0,Others,Others,Others,Others,Others,Shekar Chandra,Others,M. R. Varma,Others,June,Telugu,0
Comedy,1.5,77.0,Others,Others,Others,Nara Rohit,Others,Ilaiyaraaja,Others,Others,Others,September,Telugu,2
Horror,3.5,90.0,Others,Others,Others,Others,Others,Others,Others,Others,Others,August,Telugu,1
Action,3.5,90.0,Others,V. Anand Prasad,Others,Nara Rohit,Others,Mani Sharma,Sameer Reddy,Prawin Pudi,Others,July,Telugu,0
Action,3.8,71.0,Srinu Vaitla,Nallamalupu Bujji,Others,Others,Others,Others,K. V. Guhan,M. R. Varma,Sri Lakshmi Narasimha Productions,April,Telugu,1
Action,3.5,85.0,Boyapati Srinu,Others,Others,Others,Rakul Preet Singh,Devi Sri Prasad,Others,Kotagiri Venkateswara Rao,Others,August,Telugu,0
Action,6.6,92.0,Others,Others,Others,Others,Others,Devi Sri Prasad,Sameer Reddy,A. Sreekar Prasad,Others,October,Telugu,1
Horror,7.7,93.0,Others,V. Vamsi Krishna Reddy,Others,Anushka Shetty,Others,S. Thaman,R. Madhi,Kotagiri Venkateswara Rao,UV Creations,January,Telugu,1
Action,2.5,89.0,Others,Others,Others,Ravi Teja,Others,Others,Others,Gautham Raju,Sri Lakshmi Narasimha Productions,February,Telugu,1
Comedy,7.8,93.0,Others,Others,Others,Others,Others,Others,Sai Sriram,Kotagiri Venkateswara Rao,Others,February,Telugu,1
Action,5.4,69.0,Trivikram Srinivas,S. Radha Krishna,Trivikram Srinivas,Pawan Kalyan,Others,Others,Others,Kotagiri Venkateswara Rao,Others,January,Telugu,2
Action,7.1,72.0,Others,C. Kalyan,Others,Nandamuri Balakrishna,Others,Others,Others,Others,Others,January,Telugu,0
Comedy,8.1,89.0,Others,Others,Others,Others,Others,Others,Others,A. Sreekar Prasad,Others,January,Tamil,2
